Question ID (machine readable),Response ID (machine readable),Response value,Answer requirement,Human-friendly question label
PSL_DATA_COLLECTION_COLLECTS_PERSONAL_DATA,,true,REQUIRED,Verzamelt of deelt je app een van de vereiste typen gebruikersgegevens?
PSL_DATA_COLLECTION_ENCRYPTED_IN_TRANSIT,,true,MAYBE_REQUIRED,Worden alle door je app verzamelde gebruikersgegevens versleuteld tijdens de overdracht?
PSL_SUPPORTED_ACCOUNT_CREATION_METHODS,PSL_ACM_USER_ID_PASSWORD,,MULTIPLE_CHOICE,Welke van de volgende methoden om accounts te maken worden ondersteund door je app? Selecteer alle opties die van toepassing zijn./Gebruikersnaam en wachtwoord
PSL_SUPPORTED_ACCOUNT_CREATION_METHODS,PSL_ACM_USER_ID_OTHER_AUTH,,MULTIPLE_CHOICE,Welke van de volgende methoden om accounts te maken worden ondersteund door je app? Selecteer alle opties die van toepassing zijn./Gebruikersnaam en andere verificatie
PSL_SUPPORTED_ACCOUNT_CREATION_METHODS,PSL_ACM_USER_ID_PASSWORD_OTHER_AUTH,,MULTIPLE_CHOICE,"Welke van de volgende methoden om accounts te maken worden ondersteund door je app? Selecteer alle opties die van toepassing zijn./Gebruikersnaam, wachtwoord en andere verificatie"
PSL_SUPPORTED_ACCOUNT_CREATION_METHODS,PSL_ACM_OAUTH,,MULTIPLE_CHOICE,Welke van de volgende methoden om accounts te maken worden ondersteund door je app? Selecteer alle opties die van toepassing zijn./OAuth
PSL_SUPPORTED_ACCOUNT_CREATION_METHODS,PSL_ACM_OTHER,,MULTIPLE_CHOICE,Welke van de volgende methoden om accounts te maken worden ondersteund door je app? Selecteer alle opties die van toepassing zijn./Overig
PSL_SUPPORTED_ACCOUNT_CREATION_METHODS,PSL_ACM_NONE,true,MULTIPLE_CHOICE,Welke van de volgende methoden om accounts te maken worden ondersteund door je app? Selecteer alle opties die van toepassing zijn./Mijn app staat gebruikers niet toe een account te maken
PSL_ACM_SPECIFY,,,MAYBE_REQUIRED,Beschrijf de methode om accounts te maken die je app ondersteunt
PSL_ACCOUNT_DELETION_URL,,,MAYBE_REQUIRED,Voeg een link toe waarmee gebruikers een verzoek kunnen indienen om hun account en de bijbehorende gegevens te verwijderen 
PSL_SUPPORT_DATA_DELETION_BY_USER,DATA_DELETION_YES,,SINGLE_CHOICE,Bied je gebruikers een mogelijkheid om hun gegevens op verzoek te laten verwijderen?/Ja
PSL_SUPPORT_DATA_DELETION_BY_USER,DATA_DELETION_NO,true,SINGLE_CHOICE,Bied je gebruikers een mogelijkheid om hun gegevens op verzoek te laten verwijderen?/Nee
PSL_SUPPORT_DATA_DELETION_BY_USER,DATA_DELETION_NO_AUTO_DELETED,,SINGLE_CHOICE,"Bied je gebruikers een mogelijkheid om hun gegevens op verzoek te laten verwijderen?/Nee, maar gebruikersgegevens worden binnen 90 dagen automatisch verwijderd"
PSL_DATA_DELETION_URL,,,MAYBE_REQUIRED,URL voor gegevensverwijdering
PSL_DATA_COLLECTION_COMPLIES_FAMILY_POLICY,,,OPTIONAL,Beantwoord deze vraag alleen als je hebt aangegeven dat de beoogde leeftijdsgroep van je app kinderen omvat of als je je hebt aangemeld voor het Gemaakt voor gezinnen-programma. In beide gevallen moet je voldoen aan het Gezinsbeleid van Google Play (https://support.google.com/googleplay/android-developer/answer/9893335). Wil je gebruikers hierover informeren in het gedeelte Veiligheid van gegevens bij je Store-vermelding?
PSL_INDEPENDENTLY_VALIDATED,,,OPTIONAL,"Heeft je app met goed gevolg een onafhankelijke beveiligingsbeoordeling doorlopen, in overeenstemming met het MASA-framework (Mobile Application Security Assessment)? Beantwoord de vraag alleen met Ja als de beoordeling een goede reputatie heeft."
PSL_UPI_BADGE_OPT_IN,,,OPTIONAL,Wil je deze badge tonen in je Store-vermelding?
PSL_HAS_OUTSIDE_APP_ACCOUNTS,,false,OPTIONAL,Kunnen gebruikers inloggen bij je app met accounts die buiten de app zijn gemaakt?
PSL_OUTSIDE_APP_ACCOUNT_TYPES,PSL_LOGIN_WITH_OUTSIDE_APP_ID,,MULTIPLE_CHOICE,"Hoe worden deze accounts gemaakt?/Identificatie buiten de app (bijv. sim-binding, serviceabonnement)"
PSL_OUTSIDE_APP_ACCOUNT_TYPES,PSL_LOGIN_THROUGH_EMPLOYMENT_OR_ENTERPRISE_ACCOUNT,,MULTIPLE_CHOICE,Hoe worden deze accounts gemaakt?/Via werk- of bedrijfsaccounts
PSL_OUTSIDE_APP_ACCOUNT_TYPES,PSL_OUTSIDE_APP_ACCOUNT_TYPE_OTHER,,MULTIPLE_CHOICE,Hoe worden deze accounts gemaakt?/Overig
PSL_OUTSIDE_APP_ACCOUNT_TYPE_SPECIFY,,,MAYBE_REQUIRED,Beschrijf hoe deze accounts worden gemaakt
PSL_DATA_TYPES_PERSONAL,PSL_NAME,,MULTIPLE_CHOICE,Persoonlijke informatie/Naam
PSL_DATA_TYPES_PERSONAL,PSL_EMAIL,,MULTIPLE_CHOICE,Persoonlijke informatie/E-mailadres
PSL_DATA_TYPES_PERSONAL,PSL_USER_ACCOUNT,,MULTIPLE_CHOICE,Persoonlijke informatie/Gebruikers-ID's
PSL_DATA_TYPES_PERSONAL,PSL_ADDRESS,,MULTIPLE_CHOICE,Persoonlijke informatie/Adres
PSL_DATA_TYPES_PERSONAL,PSL_PHONE,,MULTIPLE_CHOICE,Persoonlijke informatie/Telefoonnummer
PSL_DATA_TYPES_PERSONAL,PSL_RACE_ETHNICITY,,MULTIPLE_CHOICE,Persoonlijke informatie/Ras en etniciteit
PSL_DATA_TYPES_PERSONAL,PSL_POLITICAL_RELIGIOUS,,MULTIPLE_CHOICE,Persoonlijke informatie/Politieke of religieuze overtuigingen
PSL_DATA_TYPES_PERSONAL,PSL_SEXUAL_ORIENTATION_GENDER_IDENTITY,,MULTIPLE_CHOICE,Persoonlijke informatie/Seksuele geaardheid
PSL_DATA_TYPES_PERSONAL,PSL_OTHER_PERSONAL,,MULTIPLE_CHOICE,Persoonlijke informatie/Andere informatie
PSL_DATA_TYPES_FINANCIAL,PSL_CREDIT_DEBIT_BANK_ACCOUNT_NUMBER,,MULTIPLE_CHOICE,Financiële informatie/Betalingsinformatie van gebruiker
PSL_DATA_TYPES_FINANCIAL,PSL_PURCHASE_HISTORY,,MULTIPLE_CHOICE,Financiële informatie/Transactieoverzicht
PSL_DATA_TYPES_FINANCIAL,PSL_CREDIT_SCORE,,MULTIPLE_CHOICE,Financiële informatie/Kredietscore
PSL_DATA_TYPES_FINANCIAL,PSL_OTHER,,MULTIPLE_CHOICE,Financiële informatie/Andere financiële informatie
PSL_DATA_TYPES_LOCATION,PSL_APPROX_LOCATION,,MULTIPLE_CHOICE,Locatie/Geschatte locatie
PSL_DATA_TYPES_LOCATION,PSL_PRECISE_LOCATION,,MULTIPLE_CHOICE,Locatie/Exacte locatie
PSL_DATA_TYPES_SEARCH_AND_BROWSING,PSL_WEB_BROWSING_HISTORY,,MULTIPLE_CHOICE,Browsen op internet/Browsegeschiedenis
PSL_DATA_TYPES_EMAIL_AND_TEXT,PSL_EMAILS,,MULTIPLE_CHOICE,Berichten/E-mails
PSL_DATA_TYPES_EMAIL_AND_TEXT,PSL_SMS_CALL_LOG,,MULTIPLE_CHOICE,Berichten/Sms of mms
PSL_DATA_TYPES_EMAIL_AND_TEXT,PSL_OTHER_MESSAGES,,MULTIPLE_CHOICE,Berichten/Andere in-app berichten
PSL_DATA_TYPES_PHOTOS_AND_VIDEOS,PSL_PHOTOS,,MULTIPLE_CHOICE,Foto's en video's/Foto's
PSL_DATA_TYPES_PHOTOS_AND_VIDEOS,PSL_VIDEOS,,MULTIPLE_CHOICE,Foto's en video's/Video's
PSL_DATA_TYPES_AUDIO,PSL_AUDIO,true,MULTIPLE_CHOICE,Audiobestanden/Spraak- of geluidsopnamen
PSL_DATA_TYPES_AUDIO,PSL_MUSIC,,MULTIPLE_CHOICE,Audiobestanden/Muziekbestanden
PSL_DATA_TYPES_AUDIO,PSL_OTHER_AUDIO,,MULTIPLE_CHOICE,Audiobestanden/Andere audiobestanden
PSL_DATA_TYPES_HEALTH_AND_FITNESS,PSL_HEALTH,,MULTIPLE_CHOICE,Gezondheid en fitness/Medische informatie
PSL_DATA_TYPES_HEALTH_AND_FITNESS,PSL_FITNESS,,MULTIPLE_CHOICE,Gezondheid en fitness/Fitnessinformatie
PSL_DATA_TYPES_CONTACTS,PSL_CONTACTS,,MULTIPLE_CHOICE,Contacten/Contacten
PSL_DATA_TYPES_CALENDAR,PSL_CALENDAR,,MULTIPLE_CHOICE,Agenda/Agenda-afspraken
PSL_DATA_TYPES_APP_PERFORMANCE,PSL_CRASH_LOGS,,MULTIPLE_CHOICE,App-gegevens en -prestaties/Crashlogboeken
PSL_DATA_TYPES_APP_PERFORMANCE,PSL_PERFORMANCE_DIAGNOSTICS,,MULTIPLE_CHOICE,App-gegevens en -prestaties/Diagnostische gegevens
PSL_DATA_TYPES_APP_PERFORMANCE,PSL_OTHER_PERFORMANCE,,MULTIPLE_CHOICE,App-gegevens en -prestaties/Andere app-prestatiegegevens
PSL_DATA_TYPES_FILES_AND_DOCS,PSL_FILES_AND_DOCS,,MULTIPLE_CHOICE,Bestanden en documenten/Bestanden en documenten
PSL_DATA_TYPES_APP_ACTIVITY,PSL_USER_INTERACTION,,MULTIPLE_CHOICE,App-activiteit/App-interacties
PSL_DATA_TYPES_APP_ACTIVITY,PSL_IN_APP_SEARCH_HISTORY,,MULTIPLE_CHOICE,App-activiteit/In-app zoekgeschiedenis
PSL_DATA_TYPES_APP_ACTIVITY,PSL_APPS_ON_DEVICE,,MULTIPLE_CHOICE,App-activiteit/Geïnstalleerde apps
PSL_DATA_TYPES_APP_ACTIVITY,PSL_USER_GENERATED_CONTENT,,MULTIPLE_CHOICE,App-activiteit/Andere content van websitegebruikers
PSL_DATA_TYPES_APP_ACTIVITY,PSL_OTHER_APP_ACTIVITY,,MULTIPLE_CHOICE,App-activiteit/Andere acties
PSL_DATA_TYPES_IDENTIFIERS,PSL_DEVICE_ID,,MULTIPLE_CHOICE,Apparaat- of andere ID's/Apparaat- of andere ID's
PSL_DATA_USAGE_RESPONSES:PSL_NAME:PSL_DATA_USAGE_COLLECTION_AND_SHARING,PSL_DATA_USAGE_ONLY_COLLECTED,,MULTIPLE_CHOICE,"Gegevensgebruik en -verwerking (Naam)/Worden deze gegevens verzameld, gedeeld of allebei?/Verzameld"
PSL_DATA_USAGE_RESPONSES:PSL_NAME:PSL_DATA_USAGE_COLLECTION_AND_SHARING,PSL_DATA_USAGE_ONLY_SHARED,,MULTIPLE_CHOICE,"Gegevensgebruik en -verwerking (Naam)/Worden deze gegevens verzameld, gedeeld of allebei?/Gedeeld"
PSL_DATA_USAGE_RESPONSES:PSL_NAME:PSL_DATA_USAGE_EPHEMERAL,,,MAYBE_REQUIRED,Gegevensgebruik en -verwerking (Naam)/Worden deze gegevens kortstondig verwerkt?
PSL_DATA_USAGE_RESPONSES:PSL_NAME:DATA_USAGE_USER_CONTROL,PSL_DATA_USAGE_USER_CONTROL_OPTIONAL,,SINGLE_CHOICE,Gegevensgebruik en -verwerking (Naam)/Zijn deze gegevens vereist voor je app en kunnen gebruikers kiezen of deze worden verzameld?/Gebruikers kunnen kiezen of deze gegevens worden verzameld
PSL_DATA_USAGE_RESPONSES:PSL_NAME:DATA_USAGE_USER_CONTROL,PSL_DATA_USAGE_USER_CONTROL_REQUIRED,,SINGLE_CHOICE,Gegevensgebruik en -verwerking (Naam)/Zijn deze gegevens vereist voor je app en kunnen gebruikers kiezen of deze worden verzameld?/Gegevensverzameling is vereist (gebruikers kunnen deze gegevensverzameling niet uitzetten)
PSL_DATA_USAGE_RESPONSES:PSL_NAME:DATA_USAGE_COLLECTION_PURPOSE,PSL_APP_FUNCTIONALITY,,MULTIPLE_CHOICE,Gegevensgebruik en -verwerking (Naam)/Waarom worden deze gebruikersgegevens verzameld? Selecteer alle antwoorden die van toepassing zijn./App-functionaliteit
PSL_DATA_USAGE_RESPONSES:PSL_NAME:DATA_USAGE_COLLECTION_PURPOSE,PSL_ANALYTICS,,MULTIPLE_CHOICE,Gegevensgebruik en -verwerking (Naam)/Waarom worden deze gebruikersgegevens verzameld? Selecteer alle antwoorden die van toepassing zijn./Analyse
PSL_DATA_USAGE_RESPONSES:PSL_NAME:DATA_USAGE_COLLECTION_PURPOSE,PSL_DEVELOPER_COMMUNICATIONS,,MULTIPLE_CHOICE,Gegevensgebruik en -verwerking (Naam)/Waarom worden deze gebruikersgegevens verzameld? Selecteer alle antwoorden die van toepassing zijn./Berichten van de ontwikkelaar
PSL_DATA_USAGE_RESPONSES:PSL_NAME:DATA_USAGE_COLLECTION_PURPOSE,PSL_FRAUD_PREVENTION_SECURITY,,MULTIPLE_CHOICE,"Gegevensgebruik en -verwerking (Naam)/Waarom worden deze gebruikersgegevens verzameld? Selecteer alle antwoorden die van toepassing zijn./Fraudepreventie, beveiliging en naleving"
PSL_DATA_USAGE_RESPONSES:PSL_NAME:DATA_USAGE_COLLECTION_PURPOSE,PSL_ADVERTISING,,MULTIPLE_CHOICE,Gegevensgebruik en -verwerking (Naam)/Waarom worden deze gebruikersgegevens verzameld? Selecteer alle antwoorden die van toepassing zijn./Advertenties of marketing
PSL_DATA_USAGE_RESPONSES:PSL_NAME:DATA_USAGE_COLLECTION_PURPOSE,PSL_PERSONALIZATION,,MULTIPLE_CHOICE,Gegevensgebruik en -verwerking (Naam)/Waarom worden deze gebruikersgegevens verzameld? Selecteer alle antwoorden die van toepassing zijn./Personalisatie
PSL_DATA_USAGE_RESPONSES:PSL_NAME:DATA_USAGE_COLLECTION_PURPOSE,PSL_ACCOUNT_MANAGEMENT,,MULTIPLE_CHOICE,Gegevensgebruik en -verwerking (Naam)/Waarom worden deze gebruikersgegevens verzameld? Selecteer alle antwoorden die van toepassing zijn./Accountbeheer
PSL_DATA_USAGE_RESPONSES:PSL_NAME:DATA_USAGE_SHARING_PURPOSE,PSL_APP_FUNCTIONALITY,,MULTIPLE_CHOICE,Gegevensgebruik en -verwerking (Naam)/Waarom worden deze gebruikersgegevens gedeeld? Selecteer alle antwoorden die van toepassing zijn./App-functionaliteit
PSL_DATA_USAGE_RESPONSES:PSL_NAME:DATA_USAGE_SHARING_PURPOSE,PSL_ANALYTICS,,MULTIPLE_CHOICE,Gegevensgebruik en -verwerking (Naam)/Waarom worden deze gebruikersgegevens gedeeld? Selecteer alle antwoorden die van toepassing zijn./Analyse
PSL_DATA_USAGE_RESPONSES:PSL_NAME:DATA_USAGE_SHARING_PURPOSE,PSL_DEVELOPER_COMMUNICATIONS,,MULTIPLE_CHOICE,Gegevensgebruik en -verwerking (Naam)/Waarom worden deze gebruikersgegevens gedeeld? Selecteer alle antwoorden die van toepassing zijn./Berichten van de ontwikkelaar
PSL_DATA_USAGE_RESPONSES:PSL_NAME:DATA_USAGE_SHARING_PURPOSE,PSL_FRAUD_PREVENTION_SECURITY,,MULTIPLE_CHOICE,"Gegevensgebruik en -verwerking (Naam)/Waarom worden deze gebruikersgegevens gedeeld? Selecteer alle antwoorden die van toepassing zijn./Fraudepreventie, beveiliging en naleving"
PSL_DATA_USAGE_RESPONSES:PSL_NAME:DATA_USAGE_SHARING_PURPOSE,PSL_ADVERTISING,,MULTIPLE_CHOICE,Gegevensgebruik en -verwerking (Naam)/Waarom worden deze gebruikersgegevens gedeeld? Selecteer alle antwoorden die van toepassing zijn./Advertenties of marketing
PSL_DATA_USAGE_RESPONSES:PSL_NAME:DATA_USAGE_SHARING_PURPOSE,PSL_PERSONALIZATION,,MULTIPLE_CHOICE,Gegevensgebruik en -verwerking (Naam)/Waarom worden deze gebruikersgegevens gedeeld? Selecteer alle antwoorden die van toepassing zijn./Personalisatie
PSL_DATA_USAGE_RESPONSES:PSL_NAME:DATA_USAGE_SHARING_PURPOSE,PSL_ACCOUNT_MANAGEMENT,,MULTIPLE_CHOICE,Gegevensgebruik en -verwerking (Naam)/Waarom worden deze gebruikersgegevens gedeeld? Selecteer alle antwoorden die van toepassing zijn./Accountbeheer
PSL_DATA_USAGE_RESPONSES:PSL_EMAIL:PSL_DATA_USAGE_COLLECTION_AND_SHARING,PSL_DATA_USAGE_ONLY_COLLECTED,,MULTIPLE_CHOICE,"Gegevensgebruik en -verwerking (E-mailadres)/Worden deze gegevens verzameld, gedeeld of allebei?/Verzameld"
PSL_DATA_USAGE_RESPONSES:PSL_EMAIL:PSL_DATA_USAGE_COLLECTION_AND_SHARING,PSL_DATA_USAGE_ONLY_SHARED,,MULTIPLE_CHOICE,"Gegevensgebruik en -verwerking (E-mailadres)/Worden deze gegevens verzameld, gedeeld of allebei?/Gedeeld"
PSL_DATA_USAGE_RESPONSES:PSL_EMAIL:PSL_DATA_USAGE_EPHEMERAL,,,MAYBE_REQUIRED,Gegevensgebruik en -verwerking (E-mailadres)/Worden deze gegevens kortstondig verwerkt?
PSL_DATA_USAGE_RESPONSES:PSL_EMAIL:DATA_USAGE_USER_CONTROL,PSL_DATA_USAGE_USER_CONTROL_OPTIONAL,,SINGLE_CHOICE,Gegevensgebruik en -verwerking (E-mailadres)/Zijn deze gegevens vereist voor je app en kunnen gebruikers kiezen of deze worden verzameld?/Gebruikers kunnen kiezen of deze gegevens worden verzameld
PSL_DATA_USAGE_RESPONSES:PSL_EMAIL:DATA_USAGE_USER_CONTROL,PSL_DATA_USAGE_USER_CONTROL_REQUIRED,,SINGLE_CHOICE,Gegevensgebruik en -verwerking (E-mailadres)/Zijn deze gegevens vereist voor je app en kunnen gebruikers kiezen of deze worden verzameld?/Gegevensverzameling is vereist (gebruikers kunnen deze gegevensverzameling niet uitzetten)
PSL_DATA_USAGE_RESPONSES:PSL_EMAIL:DATA_USAGE_COLLECTION_PURPOSE,PSL_APP_FUNCTIONALITY,,MULTIPLE_CHOICE,Gegevensgebruik en -verwerking (E-mailadres)/Waarom worden deze gebruikersgegevens verzameld? Selecteer alle antwoorden die van toepassing zijn./App-functionaliteit
PSL_DATA_USAGE_RESPONSES:PSL_EMAIL:DATA_USAGE_COLLECTION_PURPOSE,PSL_ANALYTICS,,MULTIPLE_CHOICE,Gegevensgebruik en -verwerking (E-mailadres)/Waarom worden deze gebruikersgegevens verzameld? Selecteer alle antwoorden die van toepassing zijn./Analyse
PSL_DATA_USAGE_RESPONSES:PSL_EMAIL:DATA_USAGE_COLLECTION_PURPOSE,PSL_DEVELOPER_COMMUNICATIONS,,MULTIPLE_CHOICE,Gegevensgebruik en -verwerking (E-mailadres)/Waarom worden deze gebruikersgegevens verzameld? Selecteer alle antwoorden die van toepassing zijn./Berichten van de ontwikkelaar
PSL_DATA_USAGE_RESPONSES:PSL_EMAIL:DATA_USAGE_COLLECTION_PURPOSE,PSL_FRAUD_PREVENTION_SECURITY,,MULTIPLE_CHOICE,"Gegevensgebruik en -verwerking (E-mailadres)/Waarom worden deze gebruikersgegevens verzameld? Selecteer alle antwoorden die van toepassing zijn./Fraudepreventie, beveiliging en naleving"
PSL_DATA_USAGE_RESPONSES:PSL_EMAIL:DATA_USAGE_COLLECTION_PURPOSE,PSL_ADVERTISING,,MULTIPLE_CHOICE,Gegevensgebruik en -verwerking (E-mailadres)/Waarom worden deze gebruikersgegevens verzameld? Selecteer alle antwoorden die van toepassing zijn./Advertenties of marketing
PSL_DATA_USAGE_RESPONSES:PSL_EMAIL:DATA_USAGE_COLLECTION_PURPOSE,PSL_PERSONALIZATION,,MULTIPLE_CHOICE,Gegevensgebruik en -verwerking (E-mailadres)/Waarom worden deze gebruikersgegevens verzameld? Selecteer alle antwoorden die van toepassing zijn./Personalisatie
PSL_DATA_USAGE_RESPONSES:PSL_EMAIL:DATA_USAGE_COLLECTION_PURPOSE,PSL_ACCOUNT_MANAGEMENT,,MULTIPLE_CHOICE,Gegevensgebruik en -verwerking (E-mailadres)/Waarom worden deze gebruikersgegevens verzameld? Selecteer alle antwoorden die van toepassing zijn./Accountbeheer
PSL_DATA_USAGE_RESPONSES:PSL_EMAIL:DATA_USAGE_SHARING_PURPOSE,PSL_APP_FUNCTIONALITY,,MULTIPLE_CHOICE,Gegevensgebruik en -verwerking (E-mailadres)/Waarom worden deze gebruikersgegevens gedeeld? Selecteer alle antwoorden die van toepassing zijn./App-functionaliteit
PSL_DATA_USAGE_RESPONSES:PSL_EMAIL:DATA_USAGE_SHARING_PURPOSE,PSL_ANALYTICS,,MULTIPLE_CHOICE,Gegevensgebruik en -verwerking (E-mailadres)/Waarom worden deze gebruikersgegevens gedeeld? Selecteer alle antwoorden die van toepassing zijn./Analyse
PSL_DATA_USAGE_RESPONSES:PSL_EMAIL:DATA_USAGE_SHARING_PURPOSE,PSL_DEVELOPER_COMMUNICATIONS,,MULTIPLE_CHOICE,Gegevensgebruik en -verwerking (E-mailadres)/Waarom worden deze gebruikersgegevens gedeeld? Selecteer alle antwoorden die van toepassing zijn./Berichten van de ontwikkelaar
PSL_DATA_USAGE_RESPONSES:PSL_EMAIL:DATA_USAGE_SHARING_PURPOSE,PSL_FRAUD_PREVENTION_SECURITY,,MULTIPLE_CHOICE,"Gegevensgebruik en -verwerking (E-mailadres)/Waarom worden deze gebruikersgegevens gedeeld? Selecteer alle antwoorden die van toepassing zijn./Fraudepreventie, beveiliging en naleving"
PSL_DATA_USAGE_RESPONSES:PSL_EMAIL:DATA_USAGE_SHARING_PURPOSE,PSL_ADVERTISING,,MULTIPLE_CHOICE,Gegevensgebruik en -verwerking (E-mailadres)/Waarom worden deze gebruikersgegevens gedeeld? Selecteer alle antwoorden die van toepassing zijn./Advertenties of marketing
PSL_DATA_USAGE_RESPONSES:PSL_EMAIL:DATA_USAGE_SHARING_PURPOSE,PSL_PERSONALIZATION,,MULTIPLE_CHOICE,Gegevensgebruik en -verwerking (E-mailadres)/Waarom worden deze gebruikersgegevens gedeeld? Selecteer alle antwoorden die van toepassing zijn./Personalisatie
PSL_DATA_USAGE_RESPONSES:PSL_EMAIL:DATA_USAGE_SHARING_PURPOSE,PSL_ACCOUNT_MANAGEMENT,,MULTIPLE_CHOICE,Gegevensgebruik en -verwerking (E-mailadres)/Waarom worden deze gebruikersgegevens gedeeld? Selecteer alle antwoorden die van toepassing zijn./Accountbeheer
PSL_DATA_USAGE_RESPONSES:PSL_USER_ACCOUNT:PSL_DATA_USAGE_COLLECTION_AND_SHARING,PSL_DATA_USAGE_ONLY_COLLECTED,,MULTIPLE_CHOICE,"Gegevensgebruik en -verwerking (Gebruikers-ID's)/Worden deze gegevens verzameld, gedeeld of allebei?/Verzameld"
PSL_DATA_USAGE_RESPONSES:PSL_USER_ACCOUNT:PSL_DATA_USAGE_COLLECTION_AND_SHARING,PSL_DATA_USAGE_ONLY_SHARED,,MULTIPLE_CHOICE,"Gegevensgebruik en -verwerking (Gebruikers-ID's)/Worden deze gegevens verzameld, gedeeld of allebei?/Gedeeld"
PSL_DATA_USAGE_RESPONSES:PSL_USER_ACCOUNT:PSL_DATA_USAGE_EPHEMERAL,,,MAYBE_REQUIRED,Gegevensgebruik en -verwerking (Gebruikers-ID's)/Worden deze gegevens kortstondig verwerkt?
PSL_DATA_USAGE_RESPONSES:PSL_USER_ACCOUNT:DATA_USAGE_USER_CONTROL,PSL_DATA_USAGE_USER_CONTROL_OPTIONAL,,SINGLE_CHOICE,Gegevensgebruik en -verwerking (Gebruikers-ID's)/Zijn deze gegevens vereist voor je app en kunnen gebruikers kiezen of deze worden verzameld?/Gebruikers kunnen kiezen of deze gegevens worden verzameld
PSL_DATA_USAGE_RESPONSES:PSL_USER_ACCOUNT:DATA_USAGE_USER_CONTROL,PSL_DATA_USAGE_USER_CONTROL_REQUIRED,,SINGLE_CHOICE,Gegevensgebruik en -verwerking (Gebruikers-ID's)/Zijn deze gegevens vereist voor je app en kunnen gebruikers kiezen of deze worden verzameld?/Gegevensverzameling is vereist (gebruikers kunnen deze gegevensverzameling niet uitzetten)
PSL_DATA_USAGE_RESPONSES:PSL_USER_ACCOUNT:DATA_USAGE_COLLECTION_PURPOSE,PSL_APP_FUNCTIONALITY,,MULTIPLE_CHOICE,Gegevensgebruik en -verwerking (Gebruikers-ID's)/Waarom worden deze gebruikersgegevens verzameld? Selecteer alle antwoorden die van toepassing zijn./App-functionaliteit
PSL_DATA_USAGE_RESPONSES:PSL_USER_ACCOUNT:DATA_USAGE_COLLECTION_PURPOSE,PSL_ANALYTICS,,MULTIPLE_CHOICE,Gegevensgebruik en -verwerking (Gebruikers-ID's)/Waarom worden deze gebruikersgegevens verzameld? Selecteer alle antwoorden die van toepassing zijn./Analyse
PSL_DATA_USAGE_RESPONSES:PSL_USER_ACCOUNT:DATA_USAGE_COLLECTION_PURPOSE,PSL_DEVELOPER_COMMUNICATIONS,,MULTIPLE_CHOICE,Gegevensgebruik en -verwerking (Gebruikers-ID's)/Waarom worden deze gebruikersgegevens verzameld? Selecteer alle antwoorden die van toepassing zijn./Berichten van de ontwikkelaar
PSL_DATA_USAGE_RESPONSES:PSL_USER_ACCOUNT:DATA_USAGE_COLLECTION_PURPOSE,PSL_FRAUD_PREVENTION_SECURITY,,MULTIPLE_CHOICE,"Gegevensgebruik en -verwerking (Gebruikers-ID's)/Waarom worden deze gebruikersgegevens verzameld? Selecteer alle antwoorden die van toepassing zijn./Fraudepreventie, beveiliging en naleving"
PSL_DATA_USAGE_RESPONSES:PSL_USER_ACCOUNT:DATA_USAGE_COLLECTION_PURPOSE,PSL_ADVERTISING,,MULTIPLE_CHOICE,Gegevensgebruik en -verwerking (Gebruikers-ID's)/Waarom worden deze gebruikersgegevens verzameld? Selecteer alle antwoorden die van toepassing zijn./Advertenties of marketing
PSL_DATA_USAGE_RESPONSES:PSL_USER_ACCOUNT:DATA_USAGE_COLLECTION_PURPOSE,PSL_PERSONALIZATION,,MULTIPLE_CHOICE,Gegevensgebruik en -verwerking (Gebruikers-ID's)/Waarom worden deze gebruikersgegevens verzameld? Selecteer alle antwoorden die van toepassing zijn./Personalisatie
PSL_DATA_USAGE_RESPONSES:PSL_USER_ACCOUNT:DATA_USAGE_COLLECTION_PURPOSE,PSL_ACCOUNT_MANAGEMENT,,MULTIPLE_CHOICE,Gegevensgebruik en -verwerking (Gebruikers-ID's)/Waarom worden deze gebruikersgegevens verzameld? Selecteer alle antwoorden die van toepassing zijn./Accountbeheer
PSL_DATA_USAGE_RESPONSES:PSL_USER_ACCOUNT:DATA_USAGE_SHARING_PURPOSE,PSL_APP_FUNCTIONALITY,,MULTIPLE_CHOICE,Gegevensgebruik en -verwerking (Gebruikers-ID's)/Waarom worden deze gebruikersgegevens gedeeld? Selecteer alle antwoorden die van toepassing zijn./App-functionaliteit
PSL_DATA_USAGE_RESPONSES:PSL_USER_ACCOUNT:DATA_USAGE_SHARING_PURPOSE,PSL_ANALYTICS,,MULTIPLE_CHOICE,Gegevensgebruik en -verwerking (Gebruikers-ID's)/Waarom worden deze gebruikersgegevens gedeeld? Selecteer alle antwoorden die van toepassing zijn./Analyse
PSL_DATA_USAGE_RESPONSES:PSL_USER_ACCOUNT:DATA_USAGE_SHARING_PURPOSE,PSL_DEVELOPER_COMMUNICATIONS,,MULTIPLE_CHOICE,Gegevensgebruik en -verwerking (Gebruikers-ID's)/Waarom worden deze gebruikersgegevens gedeeld? Selecteer alle antwoorden die van toepassing zijn./Berichten van de ontwikkelaar
PSL_DATA_USAGE_RESPONSES:PSL_USER_ACCOUNT:DATA_USAGE_SHARING_PURPOSE,PSL_FRAUD_PREVENTION_SECURITY,,MULTIPLE_CHOICE,"Gegevensgebruik en -verwerking (Gebruikers-ID's)/Waarom worden deze gebruikersgegevens gedeeld? Selecteer alle antwoorden die van toepassing zijn./Fraudepreventie, beveiliging en naleving"
PSL_DATA_USAGE_RESPONSES:PSL_USER_ACCOUNT:DATA_USAGE_SHARING_PURPOSE,PSL_ADVERTISING,,MULTIPLE_CHOICE,Gegevensgebruik en -verwerking (Gebruikers-ID's)/Waarom worden deze gebruikersgegevens gedeeld? Selecteer alle antwoorden die van toepassing zijn./Advertenties of marketing
PSL_DATA_USAGE_RESPONSES:PSL_USER_ACCOUNT:DATA_USAGE_SHARING_PURPOSE,PSL_PERSONALIZATION,,MULTIPLE_CHOICE,Gegevensgebruik en -verwerking (Gebruikers-ID's)/Waarom worden deze gebruikersgegevens gedeeld? Selecteer alle antwoorden die van toepassing zijn./Personalisatie
PSL_DATA_USAGE_RESPONSES:PSL_USER_ACCOUNT:DATA_USAGE_SHARING_PURPOSE,PSL_ACCOUNT_MANAGEMENT,,MULTIPLE_CHOICE,Gegevensgebruik en -verwerking (Gebruikers-ID's)/Waarom worden deze gebruikersgegevens gedeeld? Selecteer alle antwoorden die van toepassing zijn./Accountbeheer
PSL_DATA_USAGE_RESPONSES:PSL_ADDRESS:PSL_DATA_USAGE_COLLECTION_AND_SHARING,PSL_DATA_USAGE_ONLY_COLLECTED,,MULTIPLE_CHOICE,"Gegevensgebruik en -verwerking (Adres)/Worden deze gegevens verzameld, gedeeld of allebei?/Verzameld"
PSL_DATA_USAGE_RESPONSES:PSL_ADDRESS:PSL_DATA_USAGE_COLLECTION_AND_SHARING,PSL_DATA_USAGE_ONLY_SHARED,,MULTIPLE_CHOICE,"Gegevensgebruik en -verwerking (Adres)/Worden deze gegevens verzameld, gedeeld of allebei?/Gedeeld"
PSL_DATA_USAGE_RESPONSES:PSL_ADDRESS:PSL_DATA_USAGE_EPHEMERAL,,,MAYBE_REQUIRED,Gegevensgebruik en -verwerking (Adres)/Worden deze gegevens kortstondig verwerkt?
PSL_DATA_USAGE_RESPONSES:PSL_ADDRESS:DATA_USAGE_USER_CONTROL,PSL_DATA_USAGE_USER_CONTROL_OPTIONAL,,SINGLE_CHOICE,Gegevensgebruik en -verwerking (Adres)/Zijn deze gegevens vereist voor je app en kunnen gebruikers kiezen of deze worden verzameld?/Gebruikers kunnen kiezen of deze gegevens worden verzameld
PSL_DATA_USAGE_RESPONSES:PSL_ADDRESS:DATA_USAGE_USER_CONTROL,PSL_DATA_USAGE_USER_CONTROL_REQUIRED,,SINGLE_CHOICE,Gegevensgebruik en -verwerking (Adres)/Zijn deze gegevens vereist voor je app en kunnen gebruikers kiezen of deze worden verzameld?/Gegevensverzameling is vereist (gebruikers kunnen deze gegevensverzameling niet uitzetten)
PSL_DATA_USAGE_RESPONSES:PSL_ADDRESS:DATA_USAGE_COLLECTION_PURPOSE,PSL_APP_FUNCTIONALITY,,MULTIPLE_CHOICE,Gegevensgebruik en -verwerking (Adres)/Waarom worden deze gebruikersgegevens verzameld? Selecteer alle antwoorden die van toepassing zijn./App-functionaliteit
PSL_DATA_USAGE_RESPONSES:PSL_ADDRESS:DATA_USAGE_COLLECTION_PURPOSE,PSL_ANALYTICS,,MULTIPLE_CHOICE,Gegevensgebruik en -verwerking (Adres)/Waarom worden deze gebruikersgegevens verzameld? Selecteer alle antwoorden die van toepassing zijn./Analyse
PSL_DATA_USAGE_RESPONSES:PSL_ADDRESS:DATA_USAGE_COLLECTION_PURPOSE,PSL_DEVELOPER_COMMUNICATIONS,,MULTIPLE_CHOICE,Gegevensgebruik en -verwerking (Adres)/Waarom worden deze gebruikersgegevens verzameld? Selecteer alle antwoorden die van toepassing zijn./Berichten van de ontwikkelaar
PSL_DATA_USAGE_RESPONSES:PSL_ADDRESS:DATA_USAGE_COLLECTION_PURPOSE,PSL_FRAUD_PREVENTION_SECURITY,,MULTIPLE_CHOICE,"Gegevensgebruik en -verwerking (Adres)/Waarom worden deze gebruikersgegevens verzameld? Selecteer alle antwoorden die van toepassing zijn./Fraudepreventie, beveiliging en naleving"
PSL_DATA_USAGE_RESPONSES:PSL_ADDRESS:DATA_USAGE_COLLECTION_PURPOSE,PSL_ADVERTISING,,MULTIPLE_CHOICE,Gegevensgebruik en -verwerking (Adres)/Waarom worden deze gebruikersgegevens verzameld? Selecteer alle antwoorden die van toepassing zijn./Advertenties of marketing
PSL_DATA_USAGE_RESPONSES:PSL_ADDRESS:DATA_USAGE_COLLECTION_PURPOSE,PSL_PERSONALIZATION,,MULTIPLE_CHOICE,Gegevensgebruik en -verwerking (Adres)/Waarom worden deze gebruikersgegevens verzameld? Selecteer alle antwoorden die van toepassing zijn./Personalisatie
PSL_DATA_USAGE_RESPONSES:PSL_ADDRESS:DATA_USAGE_COLLECTION_PURPOSE,PSL_ACCOUNT_MANAGEMENT,,MULTIPLE_CHOICE,Gegevensgebruik en -verwerking (Adres)/Waarom worden deze gebruikersgegevens verzameld? Selecteer alle antwoorden die van toepassing zijn./Accountbeheer
PSL_DATA_USAGE_RESPONSES:PSL_ADDRESS:DATA_USAGE_SHARING_PURPOSE,PSL_APP_FUNCTIONALITY,,MULTIPLE_CHOICE,Gegevensgebruik en -verwerking (Adres)/Waarom worden deze gebruikersgegevens gedeeld? Selecteer alle antwoorden die van toepassing zijn./App-functionaliteit
PSL_DATA_USAGE_RESPONSES:PSL_ADDRESS:DATA_USAGE_SHARING_PURPOSE,PSL_ANALYTICS,,MULTIPLE_CHOICE,Gegevensgebruik en -verwerking (Adres)/Waarom worden deze gebruikersgegevens gedeeld? Selecteer alle antwoorden die van toepassing zijn./Analyse
PSL_DATA_USAGE_RESPONSES:PSL_ADDRESS:DATA_USAGE_SHARING_PURPOSE,PSL_DEVELOPER_COMMUNICATIONS,,MULTIPLE_CHOICE,Gegevensgebruik en -verwerking (Adres)/Waarom worden deze gebruikersgegevens gedeeld? Selecteer alle antwoorden die van toepassing zijn./Berichten van de ontwikkelaar
PSL_DATA_USAGE_RESPONSES:PSL_ADDRESS:DATA_USAGE_SHARING_PURPOSE,PSL_FRAUD_PREVENTION_SECURITY,,MULTIPLE_CHOICE,"Gegevensgebruik en -verwerking (Adres)/Waarom worden deze gebruikersgegevens gedeeld? Selecteer alle antwoorden die van toepassing zijn./Fraudepreventie, beveiliging en naleving"
PSL_DATA_USAGE_RESPONSES:PSL_ADDRESS:DATA_USAGE_SHARING_PURPOSE,PSL_ADVERTISING,,MULTIPLE_CHOICE,Gegevensgebruik en -verwerking (Adres)/Waarom worden deze gebruikersgegevens gedeeld? Selecteer alle antwoorden die van toepassing zijn./Advertenties of marketing
PSL_DATA_USAGE_RESPONSES:PSL_ADDRESS:DATA_USAGE_SHARING_PURPOSE,PSL_PERSONALIZATION,,MULTIPLE_CHOICE,Gegevensgebruik en -verwerking (Adres)/Waarom worden deze gebruikersgegevens gedeeld? Selecteer alle antwoorden die van toepassing zijn./Personalisatie
PSL_DATA_USAGE_RESPONSES:PSL_ADDRESS:DATA_USAGE_SHARING_PURPOSE,PSL_ACCOUNT_MANAGEMENT,,MULTIPLE_CHOICE,Gegevensgebruik en -verwerking (Adres)/Waarom worden deze gebruikersgegevens gedeeld? Selecteer alle antwoorden die van toepassing zijn./Accountbeheer
PSL_DATA_USAGE_RESPONSES:PSL_PHONE:PSL_DATA_USAGE_COLLECTION_AND_SHARING,PSL_DATA_USAGE_ONLY_COLLECTED,,MULTIPLE_CHOICE,"Gegevensgebruik en -verwerking (Telefoonnummer)/Worden deze gegevens verzameld, gedeeld of allebei?/Verzameld"
PSL_DATA_USAGE_RESPONSES:PSL_PHONE:PSL_DATA_USAGE_COLLECTION_AND_SHARING,PSL_DATA_USAGE_ONLY_SHARED,,MULTIPLE_CHOICE,"Gegevensgebruik en -verwerking (Telefoonnummer)/Worden deze gegevens verzameld, gedeeld of allebei?/Gedeeld"
PSL_DATA_USAGE_RESPONSES:PSL_PHONE:PSL_DATA_USAGE_EPHEMERAL,,,MAYBE_REQUIRED,Gegevensgebruik en -verwerking (Telefoonnummer)/Worden deze gegevens kortstondig verwerkt?
PSL_DATA_USAGE_RESPONSES:PSL_PHONE:DATA_USAGE_USER_CONTROL,PSL_DATA_USAGE_USER_CONTROL_OPTIONAL,,SINGLE_CHOICE,Gegevensgebruik en -verwerking (Telefoonnummer)/Zijn deze gegevens vereist voor je app en kunnen gebruikers kiezen of deze worden verzameld?/Gebruikers kunnen kiezen of deze gegevens worden verzameld
PSL_DATA_USAGE_RESPONSES:PSL_PHONE:DATA_USAGE_USER_CONTROL,PSL_DATA_USAGE_USER_CONTROL_REQUIRED,,SINGLE_CHOICE,Gegevensgebruik en -verwerking (Telefoonnummer)/Zijn deze gegevens vereist voor je app en kunnen gebruikers kiezen of deze worden verzameld?/Gegevensverzameling is vereist (gebruikers kunnen deze gegevensverzameling niet uitzetten)
PSL_DATA_USAGE_RESPONSES:PSL_PHONE:DATA_USAGE_COLLECTION_PURPOSE,PSL_APP_FUNCTIONALITY,,MULTIPLE_CHOICE,Gegevensgebruik en -verwerking (Telefoonnummer)/Waarom worden deze gebruikersgegevens verzameld? Selecteer alle antwoorden die van toepassing zijn./App-functionaliteit
PSL_DATA_USAGE_RESPONSES:PSL_PHONE:DATA_USAGE_COLLECTION_PURPOSE,PSL_ANALYTICS,,MULTIPLE_CHOICE,Gegevensgebruik en -verwerking (Telefoonnummer)/Waarom worden deze gebruikersgegevens verzameld? Selecteer alle antwoorden die van toepassing zijn./Analyse
PSL_DATA_USAGE_RESPONSES:PSL_PHONE:DATA_USAGE_COLLECTION_PURPOSE,PSL_DEVELOPER_COMMUNICATIONS,,MULTIPLE_CHOICE,Gegevensgebruik en -verwerking (Telefoonnummer)/Waarom worden deze gebruikersgegevens verzameld? Selecteer alle antwoorden die van toepassing zijn./Berichten van de ontwikkelaar
PSL_DATA_USAGE_RESPONSES:PSL_PHONE:DATA_USAGE_COLLECTION_PURPOSE,PSL_FRAUD_PREVENTION_SECURITY,,MULTIPLE_CHOICE,"Gegevensgebruik en -verwerking (Telefoonnummer)/Waarom worden deze gebruikersgegevens verzameld? Selecteer alle antwoorden die van toepassing zijn./Fraudepreventie, beveiliging en naleving"
PSL_DATA_USAGE_RESPONSES:PSL_PHONE:DATA_USAGE_COLLECTION_PURPOSE,PSL_ADVERTISING,,MULTIPLE_CHOICE,Gegevensgebruik en -verwerking (Telefoonnummer)/Waarom worden deze gebruikersgegevens verzameld? Selecteer alle antwoorden die van toepassing zijn./Advertenties of marketing
PSL_DATA_USAGE_RESPONSES:PSL_PHONE:DATA_USAGE_COLLECTION_PURPOSE,PSL_PERSONALIZATION,,MULTIPLE_CHOICE,Gegevensgebruik en -verwerking (Telefoonnummer)/Waarom worden deze gebruikersgegevens verzameld? Selecteer alle antwoorden die van toepassing zijn./Personalisatie
PSL_DATA_USAGE_RESPONSES:PSL_PHONE:DATA_USAGE_COLLECTION_PURPOSE,PSL_ACCOUNT_MANAGEMENT,,MULTIPLE_CHOICE,Gegevensgebruik en -verwerking (Telefoonnummer)/Waarom worden deze gebruikersgegevens verzameld? Selecteer alle antwoorden die van toepassing zijn./Accountbeheer
PSL_DATA_USAGE_RESPONSES:PSL_PHONE:DATA_USAGE_SHARING_PURPOSE,PSL_APP_FUNCTIONALITY,,MULTIPLE_CHOICE,Gegevensgebruik en -verwerking (Telefoonnummer)/Waarom worden deze gebruikersgegevens gedeeld? Selecteer alle antwoorden die van toepassing zijn./App-functionaliteit
PSL_DATA_USAGE_RESPONSES:PSL_PHONE:DATA_USAGE_SHARING_PURPOSE,PSL_ANALYTICS,,MULTIPLE_CHOICE,Gegevensgebruik en -verwerking (Telefoonnummer)/Waarom worden deze gebruikersgegevens gedeeld? Selecteer alle antwoorden die van toepassing zijn./Analyse
PSL_DATA_USAGE_RESPONSES:PSL_PHONE:DATA_USAGE_SHARING_PURPOSE,PSL_DEVELOPER_COMMUNICATIONS,,MULTIPLE_CHOICE,Gegevensgebruik en -verwerking (Telefoonnummer)/Waarom worden deze gebruikersgegevens gedeeld? Selecteer alle antwoorden die van toepassing zijn./Berichten van de ontwikkelaar
PSL_DATA_USAGE_RESPONSES:PSL_PHONE:DATA_USAGE_SHARING_PURPOSE,PSL_FRAUD_PREVENTION_SECURITY,,MULTIPLE_CHOICE,"Gegevensgebruik en -verwerking (Telefoonnummer)/Waarom worden deze gebruikersgegevens gedeeld? Selecteer alle antwoorden die van toepassing zijn./Fraudepreventie, beveiliging en naleving"
PSL_DATA_USAGE_RESPONSES:PSL_PHONE:DATA_USAGE_SHARING_PURPOSE,PSL_ADVERTISING,,MULTIPLE_CHOICE,Gegevensgebruik en -verwerking (Telefoonnummer)/Waarom worden deze gebruikersgegevens gedeeld? Selecteer alle antwoorden die van toepassing zijn./Advertenties of marketing
PSL_DATA_USAGE_RESPONSES:PSL_PHONE:DATA_USAGE_SHARING_PURPOSE,PSL_PERSONALIZATION,,MULTIPLE_CHOICE,Gegevensgebruik en -verwerking (Telefoonnummer)/Waarom worden deze gebruikersgegevens gedeeld? Selecteer alle antwoorden die van toepassing zijn./Personalisatie
PSL_DATA_USAGE_RESPONSES:PSL_PHONE:DATA_USAGE_SHARING_PURPOSE,PSL_ACCOUNT_MANAGEMENT,,MULTIPLE_CHOICE,Gegevensgebruik en -verwerking (Telefoonnummer)/Waarom worden deze gebruikersgegevens gedeeld? Selecteer alle antwoorden die van toepassing zijn./Accountbeheer
PSL_DATA_USAGE_RESPONSES:PSL_RACE_ETHNICITY:PSL_DATA_USAGE_COLLECTION_AND_SHARING,PSL_DATA_USAGE_ONLY_COLLECTED,,MULTIPLE_CHOICE,"Gegevensgebruik en -verwerking (Ras en etniciteit)/Worden deze gegevens verzameld, gedeeld of allebei?/Verzameld"
PSL_DATA_USAGE_RESPONSES:PSL_RACE_ETHNICITY:PSL_DATA_USAGE_COLLECTION_AND_SHARING,PSL_DATA_USAGE_ONLY_SHARED,,MULTIPLE_CHOICE,"Gegevensgebruik en -verwerking (Ras en etniciteit)/Worden deze gegevens verzameld, gedeeld of allebei?/Gedeeld"
PSL_DATA_USAGE_RESPONSES:PSL_RACE_ETHNICITY:PSL_DATA_USAGE_EPHEMERAL,,,MAYBE_REQUIRED,Gegevensgebruik en -verwerking (Ras en etniciteit)/Worden deze gegevens kortstondig verwerkt?
PSL_DATA_USAGE_RESPONSES:PSL_RACE_ETHNICITY:DATA_USAGE_USER_CONTROL,PSL_DATA_USAGE_USER_CONTROL_OPTIONAL,,SINGLE_CHOICE,Gegevensgebruik en -verwerking (Ras en etniciteit)/Zijn deze gegevens vereist voor je app en kunnen gebruikers kiezen of deze worden verzameld?/Gebruikers kunnen kiezen of deze gegevens worden verzameld
PSL_DATA_USAGE_RESPONSES:PSL_RACE_ETHNICITY:DATA_USAGE_USER_CONTROL,PSL_DATA_USAGE_USER_CONTROL_REQUIRED,,SINGLE_CHOICE,Gegevensgebruik en -verwerking (Ras en etniciteit)/Zijn deze gegevens vereist voor je app en kunnen gebruikers kiezen of deze worden verzameld?/Gegevensverzameling is vereist (gebruikers kunnen deze gegevensverzameling niet uitzetten)
PSL_DATA_USAGE_RESPONSES:PSL_RACE_ETHNICITY:DATA_USAGE_COLLECTION_PURPOSE,PSL_APP_FUNCTIONALITY,,MULTIPLE_CHOICE,Gegevensgebruik en -verwerking (Ras en etniciteit)/Waarom worden deze gebruikersgegevens verzameld? Selecteer alle antwoorden die van toepassing zijn./App-functionaliteit
PSL_DATA_USAGE_RESPONSES:PSL_RACE_ETHNICITY:DATA_USAGE_COLLECTION_PURPOSE,PSL_ANALYTICS,,MULTIPLE_CHOICE,Gegevensgebruik en -verwerking (Ras en etniciteit)/Waarom worden deze gebruikersgegevens verzameld? Selecteer alle antwoorden die van toepassing zijn./Analyse
PSL_DATA_USAGE_RESPONSES:PSL_RACE_ETHNICITY:DATA_USAGE_COLLECTION_PURPOSE,PSL_DEVELOPER_COMMUNICATIONS,,MULTIPLE_CHOICE,Gegevensgebruik en -verwerking (Ras en etniciteit)/Waarom worden deze gebruikersgegevens verzameld? Selecteer alle antwoorden die van toepassing zijn./Berichten van de ontwikkelaar
PSL_DATA_USAGE_RESPONSES:PSL_RACE_ETHNICITY:DATA_USAGE_COLLECTION_PURPOSE,PSL_FRAUD_PREVENTION_SECURITY,,MULTIPLE_CHOICE,"Gegevensgebruik en -verwerking (Ras en etniciteit)/Waarom worden deze gebruikersgegevens verzameld? Selecteer alle antwoorden die van toepassing zijn./Fraudepreventie, beveiliging en naleving"
PSL_DATA_USAGE_RESPONSES:PSL_RACE_ETHNICITY:DATA_USAGE_COLLECTION_PURPOSE,PSL_ADVERTISING,,MULTIPLE_CHOICE,Gegevensgebruik en -verwerking (Ras en etniciteit)/Waarom worden deze gebruikersgegevens verzameld? Selecteer alle antwoorden die van toepassing zijn./Advertenties of marketing
PSL_DATA_USAGE_RESPONSES:PSL_RACE_ETHNICITY:DATA_USAGE_COLLECTION_PURPOSE,PSL_PERSONALIZATION,,MULTIPLE_CHOICE,Gegevensgebruik en -verwerking (Ras en etniciteit)/Waarom worden deze gebruikersgegevens verzameld? Selecteer alle antwoorden die van toepassing zijn./Personalisatie
PSL_DATA_USAGE_RESPONSES:PSL_RACE_ETHNICITY:DATA_USAGE_COLLECTION_PURPOSE,PSL_ACCOUNT_MANAGEMENT,,MULTIPLE_CHOICE,Gegevensgebruik en -verwerking (Ras en etniciteit)/Waarom worden deze gebruikersgegevens verzameld? Selecteer alle antwoorden die van toepassing zijn./Accountbeheer
PSL_DATA_USAGE_RESPONSES:PSL_RACE_ETHNICITY:DATA_USAGE_SHARING_PURPOSE,PSL_APP_FUNCTIONALITY,,MULTIPLE_CHOICE,Gegevensgebruik en -verwerking (Ras en etniciteit)/Waarom worden deze gebruikersgegevens gedeeld? Selecteer alle antwoorden die van toepassing zijn./App-functionaliteit
PSL_DATA_USAGE_RESPONSES:PSL_RACE_ETHNICITY:DATA_USAGE_SHARING_PURPOSE,PSL_ANALYTICS,,MULTIPLE_CHOICE,Gegevensgebruik en -verwerking (Ras en etniciteit)/Waarom worden deze gebruikersgegevens gedeeld? Selecteer alle antwoorden die van toepassing zijn./Analyse
PSL_DATA_USAGE_RESPONSES:PSL_RACE_ETHNICITY:DATA_USAGE_SHARING_PURPOSE,PSL_DEVELOPER_COMMUNICATIONS,,MULTIPLE_CHOICE,Gegevensgebruik en -verwerking (Ras en etniciteit)/Waarom worden deze gebruikersgegevens gedeeld? Selecteer alle antwoorden die van toepassing zijn./Berichten van de ontwikkelaar
PSL_DATA_USAGE_RESPONSES:PSL_RACE_ETHNICITY:DATA_USAGE_SHARING_PURPOSE,PSL_FRAUD_PREVENTION_SECURITY,,MULTIPLE_CHOICE,"Gegevensgebruik en -verwerking (Ras en etniciteit)/Waarom worden deze gebruikersgegevens gedeeld? Selecteer alle antwoorden die van toepassing zijn./Fraudepreventie, beveiliging en naleving"
PSL_DATA_USAGE_RESPONSES:PSL_RACE_ETHNICITY:DATA_USAGE_SHARING_PURPOSE,PSL_ADVERTISING,,MULTIPLE_CHOICE,Gegevensgebruik en -verwerking (Ras en etniciteit)/Waarom worden deze gebruikersgegevens gedeeld? Selecteer alle antwoorden die van toepassing zijn./Advertenties of marketing
PSL_DATA_USAGE_RESPONSES:PSL_RACE_ETHNICITY:DATA_USAGE_SHARING_PURPOSE,PSL_PERSONALIZATION,,MULTIPLE_CHOICE,Gegevensgebruik en -verwerking (Ras en etniciteit)/Waarom worden deze gebruikersgegevens gedeeld? Selecteer alle antwoorden die van toepassing zijn./Personalisatie
PSL_DATA_USAGE_RESPONSES:PSL_RACE_ETHNICITY:DATA_USAGE_SHARING_PURPOSE,PSL_ACCOUNT_MANAGEMENT,,MULTIPLE_CHOICE,Gegevensgebruik en -verwerking (Ras en etniciteit)/Waarom worden deze gebruikersgegevens gedeeld? Selecteer alle antwoorden die van toepassing zijn./Accountbeheer
PSL_DATA_USAGE_RESPONSES:PSL_POLITICAL_RELIGIOUS:PSL_DATA_USAGE_COLLECTION_AND_SHARING,PSL_DATA_USAGE_ONLY_COLLECTED,,MULTIPLE_CHOICE,"Gegevensgebruik en -verwerking (Politieke of religieuze overtuigingen)/Worden deze gegevens verzameld, gedeeld of allebei?/Verzameld"
PSL_DATA_USAGE_RESPONSES:PSL_POLITICAL_RELIGIOUS:PSL_DATA_USAGE_COLLECTION_AND_SHARING,PSL_DATA_USAGE_ONLY_SHARED,,MULTIPLE_CHOICE,"Gegevensgebruik en -verwerking (Politieke of religieuze overtuigingen)/Worden deze gegevens verzameld, gedeeld of allebei?/Gedeeld"
PSL_DATA_USAGE_RESPONSES:PSL_POLITICAL_RELIGIOUS:PSL_DATA_USAGE_EPHEMERAL,,,MAYBE_REQUIRED,Gegevensgebruik en -verwerking (Politieke of religieuze overtuigingen)/Worden deze gegevens kortstondig verwerkt?
PSL_DATA_USAGE_RESPONSES:PSL_POLITICAL_RELIGIOUS:DATA_USAGE_USER_CONTROL,PSL_DATA_USAGE_USER_CONTROL_OPTIONAL,,SINGLE_CHOICE,Gegevensgebruik en -verwerking (Politieke of religieuze overtuigingen)/Zijn deze gegevens vereist voor je app en kunnen gebruikers kiezen of deze worden verzameld?/Gebruikers kunnen kiezen of deze gegevens worden verzameld
PSL_DATA_USAGE_RESPONSES:PSL_POLITICAL_RELIGIOUS:DATA_USAGE_USER_CONTROL,PSL_DATA_USAGE_USER_CONTROL_REQUIRED,,SINGLE_CHOICE,Gegevensgebruik en -verwerking (Politieke of religieuze overtuigingen)/Zijn deze gegevens vereist voor je app en kunnen gebruikers kiezen of deze worden verzameld?/Gegevensverzameling is vereist (gebruikers kunnen deze gegevensverzameling niet uitzetten)
PSL_DATA_USAGE_RESPONSES:PSL_POLITICAL_RELIGIOUS:DATA_USAGE_COLLECTION_PURPOSE,PSL_APP_FUNCTIONALITY,,MULTIPLE_CHOICE,Gegevensgebruik en -verwerking (Politieke of religieuze overtuigingen)/Waarom worden deze gebruikersgegevens verzameld? Selecteer alle antwoorden die van toepassing zijn./App-functionaliteit
PSL_DATA_USAGE_RESPONSES:PSL_POLITICAL_RELIGIOUS:DATA_USAGE_COLLECTION_PURPOSE,PSL_ANALYTICS,,MULTIPLE_CHOICE,Gegevensgebruik en -verwerking (Politieke of religieuze overtuigingen)/Waarom worden deze gebruikersgegevens verzameld? Selecteer alle antwoorden die van toepassing zijn./Analyse
PSL_DATA_USAGE_RESPONSES:PSL_POLITICAL_RELIGIOUS:DATA_USAGE_COLLECTION_PURPOSE,PSL_DEVELOPER_COMMUNICATIONS,,MULTIPLE_CHOICE,Gegevensgebruik en -verwerking (Politieke of religieuze overtuigingen)/Waarom worden deze gebruikersgegevens verzameld? Selecteer alle antwoorden die van toepassing zijn./Berichten van de ontwikkelaar
PSL_DATA_USAGE_RESPONSES:PSL_POLITICAL_RELIGIOUS:DATA_USAGE_COLLECTION_PURPOSE,PSL_FRAUD_PREVENTION_SECURITY,,MULTIPLE_CHOICE,"Gegevensgebruik en -verwerking (Politieke of religieuze overtuigingen)/Waarom worden deze gebruikersgegevens verzameld? Selecteer alle antwoorden die van toepassing zijn./Fraudepreventie, beveiliging en naleving"
PSL_DATA_USAGE_RESPONSES:PSL_POLITICAL_RELIGIOUS:DATA_USAGE_COLLECTION_PURPOSE,PSL_ADVERTISING,,MULTIPLE_CHOICE,Gegevensgebruik en -verwerking (Politieke of religieuze overtuigingen)/Waarom worden deze gebruikersgegevens verzameld? Selecteer alle antwoorden die van toepassing zijn./Advertenties of marketing
PSL_DATA_USAGE_RESPONSES:PSL_POLITICAL_RELIGIOUS:DATA_USAGE_COLLECTION_PURPOSE,PSL_PERSONALIZATION,,MULTIPLE_CHOICE,Gegevensgebruik en -verwerking (Politieke of religieuze overtuigingen)/Waarom worden deze gebruikersgegevens verzameld? Selecteer alle antwoorden die van toepassing zijn./Personalisatie
PSL_DATA_USAGE_RESPONSES:PSL_POLITICAL_RELIGIOUS:DATA_USAGE_COLLECTION_PURPOSE,PSL_ACCOUNT_MANAGEMENT,,MULTIPLE_CHOICE,Gegevensgebruik en -verwerking (Politieke of religieuze overtuigingen)/Waarom worden deze gebruikersgegevens verzameld? Selecteer alle antwoorden die van toepassing zijn./Accountbeheer
PSL_DATA_USAGE_RESPONSES:PSL_POLITICAL_RELIGIOUS:DATA_USAGE_SHARING_PURPOSE,PSL_APP_FUNCTIONALITY,,MULTIPLE_CHOICE,Gegevensgebruik en -verwerking (Politieke of religieuze overtuigingen)/Waarom worden deze gebruikersgegevens gedeeld? Selecteer alle antwoorden die van toepassing zijn./App-functionaliteit
PSL_DATA_USAGE_RESPONSES:PSL_POLITICAL_RELIGIOUS:DATA_USAGE_SHARING_PURPOSE,PSL_ANALYTICS,,MULTIPLE_CHOICE,Gegevensgebruik en -verwerking (Politieke of religieuze overtuigingen)/Waarom worden deze gebruikersgegevens gedeeld? Selecteer alle antwoorden die van toepassing zijn./Analyse
PSL_DATA_USAGE_RESPONSES:PSL_POLITICAL_RELIGIOUS:DATA_USAGE_SHARING_PURPOSE,PSL_DEVELOPER_COMMUNICATIONS,,MULTIPLE_CHOICE,Gegevensgebruik en -verwerking (Politieke of religieuze overtuigingen)/Waarom worden deze gebruikersgegevens gedeeld? Selecteer alle antwoorden die van toepassing zijn./Berichten van de ontwikkelaar
PSL_DATA_USAGE_RESPONSES:PSL_POLITICAL_RELIGIOUS:DATA_USAGE_SHARING_PURPOSE,PSL_FRAUD_PREVENTION_SECURITY,,MULTIPLE_CHOICE,"Gegevensgebruik en -verwerking (Politieke of religieuze overtuigingen)/Waarom worden deze gebruikersgegevens gedeeld? Selecteer alle antwoorden die van toepassing zijn./Fraudepreventie, beveiliging en naleving"
PSL_DATA_USAGE_RESPONSES:PSL_POLITICAL_RELIGIOUS:DATA_USAGE_SHARING_PURPOSE,PSL_ADVERTISING,,MULTIPLE_CHOICE,Gegevensgebruik en -verwerking (Politieke of religieuze overtuigingen)/Waarom worden deze gebruikersgegevens gedeeld? Selecteer alle antwoorden die van toepassing zijn./Advertenties of marketing
PSL_DATA_USAGE_RESPONSES:PSL_POLITICAL_RELIGIOUS:DATA_USAGE_SHARING_PURPOSE,PSL_PERSONALIZATION,,MULTIPLE_CHOICE,Gegevensgebruik en -verwerking (Politieke of religieuze overtuigingen)/Waarom worden deze gebruikersgegevens gedeeld? Selecteer alle antwoorden die van toepassing zijn./Personalisatie
PSL_DATA_USAGE_RESPONSES:PSL_POLITICAL_RELIGIOUS:DATA_USAGE_SHARING_PURPOSE,PSL_ACCOUNT_MANAGEMENT,,MULTIPLE_CHOICE,Gegevensgebruik en -verwerking (Politieke of religieuze overtuigingen)/Waarom worden deze gebruikersgegevens gedeeld? Selecteer alle antwoorden die van toepassing zijn./Accountbeheer
PSL_DATA_USAGE_RESPONSES:PSL_SEXUAL_ORIENTATION_GENDER_IDENTITY:PSL_DATA_USAGE_COLLECTION_AND_SHARING,PSL_DATA_USAGE_ONLY_COLLECTED,,MULTIPLE_CHOICE,"Gegevensgebruik en -verwerking (Seksuele geaardheid)/Worden deze gegevens verzameld, gedeeld of allebei?/Verzameld"
PSL_DATA_USAGE_RESPONSES:PSL_SEXUAL_ORIENTATION_GENDER_IDENTITY:PSL_DATA_USAGE_COLLECTION_AND_SHARING,PSL_DATA_USAGE_ONLY_SHARED,,MULTIPLE_CHOICE,"Gegevensgebruik en -verwerking (Seksuele geaardheid)/Worden deze gegevens verzameld, gedeeld of allebei?/Gedeeld"
PSL_DATA_USAGE_RESPONSES:PSL_SEXUAL_ORIENTATION_GENDER_IDENTITY:PSL_DATA_USAGE_EPHEMERAL,,,MAYBE_REQUIRED,Gegevensgebruik en -verwerking (Seksuele geaardheid)/Worden deze gegevens kortstondig verwerkt?
PSL_DATA_USAGE_RESPONSES:PSL_SEXUAL_ORIENTATION_GENDER_IDENTITY:DATA_USAGE_USER_CONTROL,PSL_DATA_USAGE_USER_CONTROL_OPTIONAL,,SINGLE_CHOICE,Gegevensgebruik en -verwerking (Seksuele geaardheid)/Zijn deze gegevens vereist voor je app en kunnen gebruikers kiezen of deze worden verzameld?/Gebruikers kunnen kiezen of deze gegevens worden verzameld
PSL_DATA_USAGE_RESPONSES:PSL_SEXUAL_ORIENTATION_GENDER_IDENTITY:DATA_USAGE_USER_CONTROL,PSL_DATA_USAGE_USER_CONTROL_REQUIRED,,SINGLE_CHOICE,Gegevensgebruik en -verwerking (Seksuele geaardheid)/Zijn deze gegevens vereist voor je app en kunnen gebruikers kiezen of deze worden verzameld?/Gegevensverzameling is vereist (gebruikers kunnen deze gegevensverzameling niet uitzetten)
PSL_DATA_USAGE_RESPONSES:PSL_SEXUAL_ORIENTATION_GENDER_IDENTITY:DATA_USAGE_COLLECTION_PURPOSE,PSL_APP_FUNCTIONALITY,,MULTIPLE_CHOICE,Gegevensgebruik en -verwerking (Seksuele geaardheid)/Waarom worden deze gebruikersgegevens verzameld? Selecteer alle antwoorden die van toepassing zijn./App-functionaliteit
PSL_DATA_USAGE_RESPONSES:PSL_SEXUAL_ORIENTATION_GENDER_IDENTITY:DATA_USAGE_COLLECTION_PURPOSE,PSL_ANALYTICS,,MULTIPLE_CHOICE,Gegevensgebruik en -verwerking (Seksuele geaardheid)/Waarom worden deze gebruikersgegevens verzameld? Selecteer alle antwoorden die van toepassing zijn./Analyse
PSL_DATA_USAGE_RESPONSES:PSL_SEXUAL_ORIENTATION_GENDER_IDENTITY:DATA_USAGE_COLLECTION_PURPOSE,PSL_DEVELOPER_COMMUNICATIONS,,MULTIPLE_CHOICE,Gegevensgebruik en -verwerking (Seksuele geaardheid)/Waarom worden deze gebruikersgegevens verzameld? Selecteer alle antwoorden die van toepassing zijn./Berichten van de ontwikkelaar
PSL_DATA_USAGE_RESPONSES:PSL_SEXUAL_ORIENTATION_GENDER_IDENTITY:DATA_USAGE_COLLECTION_PURPOSE,PSL_FRAUD_PREVENTION_SECURITY,,MULTIPLE_CHOICE,"Gegevensgebruik en -verwerking (Seksuele geaardheid)/Waarom worden deze gebruikersgegevens verzameld? Selecteer alle antwoorden die van toepassing zijn./Fraudepreventie, beveiliging en naleving"
PSL_DATA_USAGE_RESPONSES:PSL_SEXUAL_ORIENTATION_GENDER_IDENTITY:DATA_USAGE_COLLECTION_PURPOSE,PSL_ADVERTISING,,MULTIPLE_CHOICE,Gegevensgebruik en -verwerking (Seksuele geaardheid)/Waarom worden deze gebruikersgegevens verzameld? Selecteer alle antwoorden die van toepassing zijn./Advertenties of marketing
PSL_DATA_USAGE_RESPONSES:PSL_SEXUAL_ORIENTATION_GENDER_IDENTITY:DATA_USAGE_COLLECTION_PURPOSE,PSL_PERSONALIZATION,,MULTIPLE_CHOICE,Gegevensgebruik en -verwerking (Seksuele geaardheid)/Waarom worden deze gebruikersgegevens verzameld? Selecteer alle antwoorden die van toepassing zijn./Personalisatie
PSL_DATA_USAGE_RESPONSES:PSL_SEXUAL_ORIENTATION_GENDER_IDENTITY:DATA_USAGE_COLLECTION_PURPOSE,PSL_ACCOUNT_MANAGEMENT,,MULTIPLE_CHOICE,Gegevensgebruik en -verwerking (Seksuele geaardheid)/Waarom worden deze gebruikersgegevens verzameld? Selecteer alle antwoorden die van toepassing zijn./Accountbeheer
PSL_DATA_USAGE_RESPONSES:PSL_SEXUAL_ORIENTATION_GENDER_IDENTITY:DATA_USAGE_SHARING_PURPOSE,PSL_APP_FUNCTIONALITY,,MULTIPLE_CHOICE,Gegevensgebruik en -verwerking (Seksuele geaardheid)/Waarom worden deze gebruikersgegevens gedeeld? Selecteer alle antwoorden die van toepassing zijn./App-functionaliteit
PSL_DATA_USAGE_RESPONSES:PSL_SEXUAL_ORIENTATION_GENDER_IDENTITY:DATA_USAGE_SHARING_PURPOSE,PSL_ANALYTICS,,MULTIPLE_CHOICE,Gegevensgebruik en -verwerking (Seksuele geaardheid)/Waarom worden deze gebruikersgegevens gedeeld? Selecteer alle antwoorden die van toepassing zijn./Analyse
PSL_DATA_USAGE_RESPONSES:PSL_SEXUAL_ORIENTATION_GENDER_IDENTITY:DATA_USAGE_SHARING_PURPOSE,PSL_DEVELOPER_COMMUNICATIONS,,MULTIPLE_CHOICE,Gegevensgebruik en -verwerking (Seksuele geaardheid)/Waarom worden deze gebruikersgegevens gedeeld? Selecteer alle antwoorden die van toepassing zijn./Berichten van de ontwikkelaar
PSL_DATA_USAGE_RESPONSES:PSL_SEXUAL_ORIENTATION_GENDER_IDENTITY:DATA_USAGE_SHARING_PURPOSE,PSL_FRAUD_PREVENTION_SECURITY,,MULTIPLE_CHOICE,"Gegevensgebruik en -verwerking (Seksuele geaardheid)/Waarom worden deze gebruikersgegevens gedeeld? Selecteer alle antwoorden die van toepassing zijn./Fraudepreventie, beveiliging en naleving"
PSL_DATA_USAGE_RESPONSES:PSL_SEXUAL_ORIENTATION_GENDER_IDENTITY:DATA_USAGE_SHARING_PURPOSE,PSL_ADVERTISING,,MULTIPLE_CHOICE,Gegevensgebruik en -verwerking (Seksuele geaardheid)/Waarom worden deze gebruikersgegevens gedeeld? Selecteer alle antwoorden die van toepassing zijn./Advertenties of marketing
PSL_DATA_USAGE_RESPONSES:PSL_SEXUAL_ORIENTATION_GENDER_IDENTITY:DATA_USAGE_SHARING_PURPOSE,PSL_PERSONALIZATION,,MULTIPLE_CHOICE,Gegevensgebruik en -verwerking (Seksuele geaardheid)/Waarom worden deze gebruikersgegevens gedeeld? Selecteer alle antwoorden die van toepassing zijn./Personalisatie
PSL_DATA_USAGE_RESPONSES:PSL_SEXUAL_ORIENTATION_GENDER_IDENTITY:DATA_USAGE_SHARING_PURPOSE,PSL_ACCOUNT_MANAGEMENT,,MULTIPLE_CHOICE,Gegevensgebruik en -verwerking (Seksuele geaardheid)/Waarom worden deze gebruikersgegevens gedeeld? Selecteer alle antwoorden die van toepassing zijn./Accountbeheer
PSL_DATA_USAGE_RESPONSES:PSL_OTHER_PERSONAL:PSL_DATA_USAGE_COLLECTION_AND_SHARING,PSL_DATA_USAGE_ONLY_COLLECTED,,MULTIPLE_CHOICE,"Gegevensgebruik en -verwerking (Andere informatie)/Worden deze gegevens verzameld, gedeeld of allebei?/Verzameld"
PSL_DATA_USAGE_RESPONSES:PSL_OTHER_PERSONAL:PSL_DATA_USAGE_COLLECTION_AND_SHARING,PSL_DATA_USAGE_ONLY_SHARED,,MULTIPLE_CHOICE,"Gegevensgebruik en -verwerking (Andere informatie)/Worden deze gegevens verzameld, gedeeld of allebei?/Gedeeld"
PSL_DATA_USAGE_RESPONSES:PSL_OTHER_PERSONAL:PSL_DATA_USAGE_EPHEMERAL,,,MAYBE_REQUIRED,Gegevensgebruik en -verwerking (Andere informatie)/Worden deze gegevens kortstondig verwerkt?
PSL_DATA_USAGE_RESPONSES:PSL_OTHER_PERSONAL:DATA_USAGE_USER_CONTROL,PSL_DATA_USAGE_USER_CONTROL_OPTIONAL,,SINGLE_CHOICE,Gegevensgebruik en -verwerking (Andere informatie)/Zijn deze gegevens vereist voor je app en kunnen gebruikers kiezen of deze worden verzameld?/Gebruikers kunnen kiezen of deze gegevens worden verzameld
PSL_DATA_USAGE_RESPONSES:PSL_OTHER_PERSONAL:DATA_USAGE_USER_CONTROL,PSL_DATA_USAGE_USER_CONTROL_REQUIRED,,SINGLE_CHOICE,Gegevensgebruik en -verwerking (Andere informatie)/Zijn deze gegevens vereist voor je app en kunnen gebruikers kiezen of deze worden verzameld?/Gegevensverzameling is vereist (gebruikers kunnen deze gegevensverzameling niet uitzetten)
PSL_DATA_USAGE_RESPONSES:PSL_OTHER_PERSONAL:DATA_USAGE_COLLECTION_PURPOSE,PSL_APP_FUNCTIONALITY,,MULTIPLE_CHOICE,Gegevensgebruik en -verwerking (Andere informatie)/Waarom worden deze gebruikersgegevens verzameld? Selecteer alle antwoorden die van toepassing zijn./App-functionaliteit
PSL_DATA_USAGE_RESPONSES:PSL_OTHER_PERSONAL:DATA_USAGE_COLLECTION_PURPOSE,PSL_ANALYTICS,,MULTIPLE_CHOICE,Gegevensgebruik en -verwerking (Andere informatie)/Waarom worden deze gebruikersgegevens verzameld? Selecteer alle antwoorden die van toepassing zijn./Analyse
PSL_DATA_USAGE_RESPONSES:PSL_OTHER_PERSONAL:DATA_USAGE_COLLECTION_PURPOSE,PSL_DEVELOPER_COMMUNICATIONS,,MULTIPLE_CHOICE,Gegevensgebruik en -verwerking (Andere informatie)/Waarom worden deze gebruikersgegevens verzameld? Selecteer alle antwoorden die van toepassing zijn./Berichten van de ontwikkelaar
PSL_DATA_USAGE_RESPONSES:PSL_OTHER_PERSONAL:DATA_USAGE_COLLECTION_PURPOSE,PSL_FRAUD_PREVENTION_SECURITY,,MULTIPLE_CHOICE,"Gegevensgebruik en -verwerking (Andere informatie)/Waarom worden deze gebruikersgegevens verzameld? Selecteer alle antwoorden die van toepassing zijn./Fraudepreventie, beveiliging en naleving"
PSL_DATA_USAGE_RESPONSES:PSL_OTHER_PERSONAL:DATA_USAGE_COLLECTION_PURPOSE,PSL_ADVERTISING,,MULTIPLE_CHOICE,Gegevensgebruik en -verwerking (Andere informatie)/Waarom worden deze gebruikersgegevens verzameld? Selecteer alle antwoorden die van toepassing zijn./Advertenties of marketing
PSL_DATA_USAGE_RESPONSES:PSL_OTHER_PERSONAL:DATA_USAGE_COLLECTION_PURPOSE,PSL_PERSONALIZATION,,MULTIPLE_CHOICE,Gegevensgebruik en -verwerking (Andere informatie)/Waarom worden deze gebruikersgegevens verzameld? Selecteer alle antwoorden die van toepassing zijn./Personalisatie
PSL_DATA_USAGE_RESPONSES:PSL_OTHER_PERSONAL:DATA_USAGE_COLLECTION_PURPOSE,PSL_ACCOUNT_MANAGEMENT,,MULTIPLE_CHOICE,Gegevensgebruik en -verwerking (Andere informatie)/Waarom worden deze gebruikersgegevens verzameld? Selecteer alle antwoorden die van toepassing zijn./Accountbeheer
PSL_DATA_USAGE_RESPONSES:PSL_OTHER_PERSONAL:DATA_USAGE_SHARING_PURPOSE,PSL_APP_FUNCTIONALITY,,MULTIPLE_CHOICE,Gegevensgebruik en -verwerking (Andere informatie)/Waarom worden deze gebruikersgegevens gedeeld? Selecteer alle antwoorden die van toepassing zijn./App-functionaliteit
PSL_DATA_USAGE_RESPONSES:PSL_OTHER_PERSONAL:DATA_USAGE_SHARING_PURPOSE,PSL_ANALYTICS,,MULTIPLE_CHOICE,Gegevensgebruik en -verwerking (Andere informatie)/Waarom worden deze gebruikersgegevens gedeeld? Selecteer alle antwoorden die van toepassing zijn./Analyse
PSL_DATA_USAGE_RESPONSES:PSL_OTHER_PERSONAL:DATA_USAGE_SHARING_PURPOSE,PSL_DEVELOPER_COMMUNICATIONS,,MULTIPLE_CHOICE,Gegevensgebruik en -verwerking (Andere informatie)/Waarom worden deze gebruikersgegevens gedeeld? Selecteer alle antwoorden die van toepassing zijn./Berichten van de ontwikkelaar
PSL_DATA_USAGE_RESPONSES:PSL_OTHER_PERSONAL:DATA_USAGE_SHARING_PURPOSE,PSL_FRAUD_PREVENTION_SECURITY,,MULTIPLE_CHOICE,"Gegevensgebruik en -verwerking (Andere informatie)/Waarom worden deze gebruikersgegevens gedeeld? Selecteer alle antwoorden die van toepassing zijn./Fraudepreventie, beveiliging en naleving"
PSL_DATA_USAGE_RESPONSES:PSL_OTHER_PERSONAL:DATA_USAGE_SHARING_PURPOSE,PSL_ADVERTISING,,MULTIPLE_CHOICE,Gegevensgebruik en -verwerking (Andere informatie)/Waarom worden deze gebruikersgegevens gedeeld? Selecteer alle antwoorden die van toepassing zijn./Advertenties of marketing
PSL_DATA_USAGE_RESPONSES:PSL_OTHER_PERSONAL:DATA_USAGE_SHARING_PURPOSE,PSL_PERSONALIZATION,,MULTIPLE_CHOICE,Gegevensgebruik en -verwerking (Andere informatie)/Waarom worden deze gebruikersgegevens gedeeld? Selecteer alle antwoorden die van toepassing zijn./Personalisatie
PSL_DATA_USAGE_RESPONSES:PSL_OTHER_PERSONAL:DATA_USAGE_SHARING_PURPOSE,PSL_ACCOUNT_MANAGEMENT,,MULTIPLE_CHOICE,Gegevensgebruik en -verwerking (Andere informatie)/Waarom worden deze gebruikersgegevens gedeeld? Selecteer alle antwoorden die van toepassing zijn./Accountbeheer
PSL_DATA_USAGE_RESPONSES:PSL_CREDIT_DEBIT_BANK_ACCOUNT_NUMBER:PSL_DATA_USAGE_COLLECTION_AND_SHARING,PSL_DATA_USAGE_ONLY_COLLECTED,,MULTIPLE_CHOICE,"Gegevensgebruik en -verwerking (Betalingsinformatie van gebruiker)/Worden deze gegevens verzameld, gedeeld of allebei?/Verzameld"
PSL_DATA_USAGE_RESPONSES:PSL_CREDIT_DEBIT_BANK_ACCOUNT_NUMBER:PSL_DATA_USAGE_COLLECTION_AND_SHARING,PSL_DATA_USAGE_ONLY_SHARED,,MULTIPLE_CHOICE,"Gegevensgebruik en -verwerking (Betalingsinformatie van gebruiker)/Worden deze gegevens verzameld, gedeeld of allebei?/Gedeeld"
PSL_DATA_USAGE_RESPONSES:PSL_CREDIT_DEBIT_BANK_ACCOUNT_NUMBER:PSL_DATA_USAGE_EPHEMERAL,,,MAYBE_REQUIRED,Gegevensgebruik en -verwerking (Betalingsinformatie van gebruiker)/Worden deze gegevens kortstondig verwerkt?
PSL_DATA_USAGE_RESPONSES:PSL_CREDIT_DEBIT_BANK_ACCOUNT_NUMBER:DATA_USAGE_USER_CONTROL,PSL_DATA_USAGE_USER_CONTROL_OPTIONAL,,SINGLE_CHOICE,Gegevensgebruik en -verwerking (Betalingsinformatie van gebruiker)/Zijn deze gegevens vereist voor je app en kunnen gebruikers kiezen of deze worden verzameld?/Gebruikers kunnen kiezen of deze gegevens worden verzameld
PSL_DATA_USAGE_RESPONSES:PSL_CREDIT_DEBIT_BANK_ACCOUNT_NUMBER:DATA_USAGE_USER_CONTROL,PSL_DATA_USAGE_USER_CONTROL_REQUIRED,,SINGLE_CHOICE,Gegevensgebruik en -verwerking (Betalingsinformatie van gebruiker)/Zijn deze gegevens vereist voor je app en kunnen gebruikers kiezen of deze worden verzameld?/Gegevensverzameling is vereist (gebruikers kunnen deze gegevensverzameling niet uitzetten)
PSL_DATA_USAGE_RESPONSES:PSL_CREDIT_DEBIT_BANK_ACCOUNT_NUMBER:DATA_USAGE_COLLECTION_PURPOSE,PSL_APP_FUNCTIONALITY,,MULTIPLE_CHOICE,Gegevensgebruik en -verwerking (Betalingsinformatie van gebruiker)/Waarom worden deze gebruikersgegevens verzameld? Selecteer alle antwoorden die van toepassing zijn./App-functionaliteit
PSL_DATA_USAGE_RESPONSES:PSL_CREDIT_DEBIT_BANK_ACCOUNT_NUMBER:DATA_USAGE_COLLECTION_PURPOSE,PSL_ANALYTICS,,MULTIPLE_CHOICE,Gegevensgebruik en -verwerking (Betalingsinformatie van gebruiker)/Waarom worden deze gebruikersgegevens verzameld? Selecteer alle antwoorden die van toepassing zijn./Analyse
PSL_DATA_USAGE_RESPONSES:PSL_CREDIT_DEBIT_BANK_ACCOUNT_NUMBER:DATA_USAGE_COLLECTION_PURPOSE,PSL_DEVELOPER_COMMUNICATIONS,,MULTIPLE_CHOICE,Gegevensgebruik en -verwerking (Betalingsinformatie van gebruiker)/Waarom worden deze gebruikersgegevens verzameld? Selecteer alle antwoorden die van toepassing zijn./Berichten van de ontwikkelaar
PSL_DATA_USAGE_RESPONSES:PSL_CREDIT_DEBIT_BANK_ACCOUNT_NUMBER:DATA_USAGE_COLLECTION_PURPOSE,PSL_FRAUD_PREVENTION_SECURITY,,MULTIPLE_CHOICE,"Gegevensgebruik en -verwerking (Betalingsinformatie van gebruiker)/Waarom worden deze gebruikersgegevens verzameld? Selecteer alle antwoorden die van toepassing zijn./Fraudepreventie, beveiliging en naleving"
PSL_DATA_USAGE_RESPONSES:PSL_CREDIT_DEBIT_BANK_ACCOUNT_NUMBER:DATA_USAGE_COLLECTION_PURPOSE,PSL_ADVERTISING,,MULTIPLE_CHOICE,Gegevensgebruik en -verwerking (Betalingsinformatie van gebruiker)/Waarom worden deze gebruikersgegevens verzameld? Selecteer alle antwoorden die van toepassing zijn./Advertenties of marketing
PSL_DATA_USAGE_RESPONSES:PSL_CREDIT_DEBIT_BANK_ACCOUNT_NUMBER:DATA_USAGE_COLLECTION_PURPOSE,PSL_PERSONALIZATION,,MULTIPLE_CHOICE,Gegevensgebruik en -verwerking (Betalingsinformatie van gebruiker)/Waarom worden deze gebruikersgegevens verzameld? Selecteer alle antwoorden die van toepassing zijn./Personalisatie
PSL_DATA_USAGE_RESPONSES:PSL_CREDIT_DEBIT_BANK_ACCOUNT_NUMBER:DATA_USAGE_COLLECTION_PURPOSE,PSL_ACCOUNT_MANAGEMENT,,MULTIPLE_CHOICE,Gegevensgebruik en -verwerking (Betalingsinformatie van gebruiker)/Waarom worden deze gebruikersgegevens verzameld? Selecteer alle antwoorden die van toepassing zijn./Accountbeheer
PSL_DATA_USAGE_RESPONSES:PSL_CREDIT_DEBIT_BANK_ACCOUNT_NUMBER:DATA_USAGE_SHARING_PURPOSE,PSL_APP_FUNCTIONALITY,,MULTIPLE_CHOICE,Gegevensgebruik en -verwerking (Betalingsinformatie van gebruiker)/Waarom worden deze gebruikersgegevens gedeeld? Selecteer alle antwoorden die van toepassing zijn./App-functionaliteit
PSL_DATA_USAGE_RESPONSES:PSL_CREDIT_DEBIT_BANK_ACCOUNT_NUMBER:DATA_USAGE_SHARING_PURPOSE,PSL_ANALYTICS,,MULTIPLE_CHOICE,Gegevensgebruik en -verwerking (Betalingsinformatie van gebruiker)/Waarom worden deze gebruikersgegevens gedeeld? Selecteer alle antwoorden die van toepassing zijn./Analyse
PSL_DATA_USAGE_RESPONSES:PSL_CREDIT_DEBIT_BANK_ACCOUNT_NUMBER:DATA_USAGE_SHARING_PURPOSE,PSL_DEVELOPER_COMMUNICATIONS,,MULTIPLE_CHOICE,Gegevensgebruik en -verwerking (Betalingsinformatie van gebruiker)/Waarom worden deze gebruikersgegevens gedeeld? Selecteer alle antwoorden die van toepassing zijn./Berichten van de ontwikkelaar
PSL_DATA_USAGE_RESPONSES:PSL_CREDIT_DEBIT_BANK_ACCOUNT_NUMBER:DATA_USAGE_SHARING_PURPOSE,PSL_FRAUD_PREVENTION_SECURITY,,MULTIPLE_CHOICE,"Gegevensgebruik en -verwerking (Betalingsinformatie van gebruiker)/Waarom worden deze gebruikersgegevens gedeeld? Selecteer alle antwoorden die van toepassing zijn./Fraudepreventie, beveiliging en naleving"
PSL_DATA_USAGE_RESPONSES:PSL_CREDIT_DEBIT_BANK_ACCOUNT_NUMBER:DATA_USAGE_SHARING_PURPOSE,PSL_ADVERTISING,,MULTIPLE_CHOICE,Gegevensgebruik en -verwerking (Betalingsinformatie van gebruiker)/Waarom worden deze gebruikersgegevens gedeeld? Selecteer alle antwoorden die van toepassing zijn./Advertenties of marketing
PSL_DATA_USAGE_RESPONSES:PSL_CREDIT_DEBIT_BANK_ACCOUNT_NUMBER:DATA_USAGE_SHARING_PURPOSE,PSL_PERSONALIZATION,,MULTIPLE_CHOICE,Gegevensgebruik en -verwerking (Betalingsinformatie van gebruiker)/Waarom worden deze gebruikersgegevens gedeeld? Selecteer alle antwoorden die van toepassing zijn./Personalisatie
PSL_DATA_USAGE_RESPONSES:PSL_CREDIT_DEBIT_BANK_ACCOUNT_NUMBER:DATA_USAGE_SHARING_PURPOSE,PSL_ACCOUNT_MANAGEMENT,,MULTIPLE_CHOICE,Gegevensgebruik en -verwerking (Betalingsinformatie van gebruiker)/Waarom worden deze gebruikersgegevens gedeeld? Selecteer alle antwoorden die van toepassing zijn./Accountbeheer
PSL_DATA_USAGE_RESPONSES:PSL_PURCHASE_HISTORY:PSL_DATA_USAGE_COLLECTION_AND_SHARING,PSL_DATA_USAGE_ONLY_COLLECTED,,MULTIPLE_CHOICE,"Gegevensgebruik en -verwerking (Transactieoverzicht)/Worden deze gegevens verzameld, gedeeld of allebei?/Verzameld"
PSL_DATA_USAGE_RESPONSES:PSL_PURCHASE_HISTORY:PSL_DATA_USAGE_COLLECTION_AND_SHARING,PSL_DATA_USAGE_ONLY_SHARED,,MULTIPLE_CHOICE,"Gegevensgebruik en -verwerking (Transactieoverzicht)/Worden deze gegevens verzameld, gedeeld of allebei?/Gedeeld"
PSL_DATA_USAGE_RESPONSES:PSL_PURCHASE_HISTORY:PSL_DATA_USAGE_EPHEMERAL,,,MAYBE_REQUIRED,Gegevensgebruik en -verwerking (Transactieoverzicht)/Worden deze gegevens kortstondig verwerkt?
PSL_DATA_USAGE_RESPONSES:PSL_PURCHASE_HISTORY:DATA_USAGE_USER_CONTROL,PSL_DATA_USAGE_USER_CONTROL_OPTIONAL,,SINGLE_CHOICE,Gegevensgebruik en -verwerking (Transactieoverzicht)/Zijn deze gegevens vereist voor je app en kunnen gebruikers kiezen of deze worden verzameld?/Gebruikers kunnen kiezen of deze gegevens worden verzameld
PSL_DATA_USAGE_RESPONSES:PSL_PURCHASE_HISTORY:DATA_USAGE_USER_CONTROL,PSL_DATA_USAGE_USER_CONTROL_REQUIRED,,SINGLE_CHOICE,Gegevensgebruik en -verwerking (Transactieoverzicht)/Zijn deze gegevens vereist voor je app en kunnen gebruikers kiezen of deze worden verzameld?/Gegevensverzameling is vereist (gebruikers kunnen deze gegevensverzameling niet uitzetten)
PSL_DATA_USAGE_RESPONSES:PSL_PURCHASE_HISTORY:DATA_USAGE_COLLECTION_PURPOSE,PSL_APP_FUNCTIONALITY,,MULTIPLE_CHOICE,Gegevensgebruik en -verwerking (Transactieoverzicht)/Waarom worden deze gebruikersgegevens verzameld? Selecteer alle antwoorden die van toepassing zijn./App-functionaliteit
PSL_DATA_USAGE_RESPONSES:PSL_PURCHASE_HISTORY:DATA_USAGE_COLLECTION_PURPOSE,PSL_ANALYTICS,,MULTIPLE_CHOICE,Gegevensgebruik en -verwerking (Transactieoverzicht)/Waarom worden deze gebruikersgegevens verzameld? Selecteer alle antwoorden die van toepassing zijn./Analyse
PSL_DATA_USAGE_RESPONSES:PSL_PURCHASE_HISTORY:DATA_USAGE_COLLECTION_PURPOSE,PSL_DEVELOPER_COMMUNICATIONS,,MULTIPLE_CHOICE,Gegevensgebruik en -verwerking (Transactieoverzicht)/Waarom worden deze gebruikersgegevens verzameld? Selecteer alle antwoorden die van toepassing zijn./Berichten van de ontwikkelaar
PSL_DATA_USAGE_RESPONSES:PSL_PURCHASE_HISTORY:DATA_USAGE_COLLECTION_PURPOSE,PSL_FRAUD_PREVENTION_SECURITY,,MULTIPLE_CHOICE,"Gegevensgebruik en -verwerking (Transactieoverzicht)/Waarom worden deze gebruikersgegevens verzameld? Selecteer alle antwoorden die van toepassing zijn./Fraudepreventie, beveiliging en naleving"
PSL_DATA_USAGE_RESPONSES:PSL_PURCHASE_HISTORY:DATA_USAGE_COLLECTION_PURPOSE,PSL_ADVERTISING,,MULTIPLE_CHOICE,Gegevensgebruik en -verwerking (Transactieoverzicht)/Waarom worden deze gebruikersgegevens verzameld? Selecteer alle antwoorden die van toepassing zijn./Advertenties of marketing
PSL_DATA_USAGE_RESPONSES:PSL_PURCHASE_HISTORY:DATA_USAGE_COLLECTION_PURPOSE,PSL_PERSONALIZATION,,MULTIPLE_CHOICE,Gegevensgebruik en -verwerking (Transactieoverzicht)/Waarom worden deze gebruikersgegevens verzameld? Selecteer alle antwoorden die van toepassing zijn./Personalisatie
PSL_DATA_USAGE_RESPONSES:PSL_PURCHASE_HISTORY:DATA_USAGE_COLLECTION_PURPOSE,PSL_ACCOUNT_MANAGEMENT,,MULTIPLE_CHOICE,Gegevensgebruik en -verwerking (Transactieoverzicht)/Waarom worden deze gebruikersgegevens verzameld? Selecteer alle antwoorden die van toepassing zijn./Accountbeheer
PSL_DATA_USAGE_RESPONSES:PSL_PURCHASE_HISTORY:DATA_USAGE_SHARING_PURPOSE,PSL_APP_FUNCTIONALITY,,MULTIPLE_CHOICE,Gegevensgebruik en -verwerking (Transactieoverzicht)/Waarom worden deze gebruikersgegevens gedeeld? Selecteer alle antwoorden die van toepassing zijn./App-functionaliteit
PSL_DATA_USAGE_RESPONSES:PSL_PURCHASE_HISTORY:DATA_USAGE_SHARING_PURPOSE,PSL_ANALYTICS,,MULTIPLE_CHOICE,Gegevensgebruik en -verwerking (Transactieoverzicht)/Waarom worden deze gebruikersgegevens gedeeld? Selecteer alle antwoorden die van toepassing zijn./Analyse
PSL_DATA_USAGE_RESPONSES:PSL_PURCHASE_HISTORY:DATA_USAGE_SHARING_PURPOSE,PSL_DEVELOPER_COMMUNICATIONS,,MULTIPLE_CHOICE,Gegevensgebruik en -verwerking (Transactieoverzicht)/Waarom worden deze gebruikersgegevens gedeeld? Selecteer alle antwoorden die van toepassing zijn./Berichten van de ontwikkelaar
PSL_DATA_USAGE_RESPONSES:PSL_PURCHASE_HISTORY:DATA_USAGE_SHARING_PURPOSE,PSL_FRAUD_PREVENTION_SECURITY,,MULTIPLE_CHOICE,"Gegevensgebruik en -verwerking (Transactieoverzicht)/Waarom worden deze gebruikersgegevens gedeeld? Selecteer alle antwoorden die van toepassing zijn./Fraudepreventie, beveiliging en naleving"
PSL_DATA_USAGE_RESPONSES:PSL_PURCHASE_HISTORY:DATA_USAGE_SHARING_PURPOSE,PSL_ADVERTISING,,MULTIPLE_CHOICE,Gegevensgebruik en -verwerking (Transactieoverzicht)/Waarom worden deze gebruikersgegevens gedeeld? Selecteer alle antwoorden die van toepassing zijn./Advertenties of marketing
PSL_DATA_USAGE_RESPONSES:PSL_PURCHASE_HISTORY:DATA_USAGE_SHARING_PURPOSE,PSL_PERSONALIZATION,,MULTIPLE_CHOICE,Gegevensgebruik en -verwerking (Transactieoverzicht)/Waarom worden deze gebruikersgegevens gedeeld? Selecteer alle antwoorden die van toepassing zijn./Personalisatie
PSL_DATA_USAGE_RESPONSES:PSL_PURCHASE_HISTORY:DATA_USAGE_SHARING_PURPOSE,PSL_ACCOUNT_MANAGEMENT,,MULTIPLE_CHOICE,Gegevensgebruik en -verwerking (Transactieoverzicht)/Waarom worden deze gebruikersgegevens gedeeld? Selecteer alle antwoorden die van toepassing zijn./Accountbeheer
PSL_DATA_USAGE_RESPONSES:PSL_CREDIT_SCORE:PSL_DATA_USAGE_COLLECTION_AND_SHARING,PSL_DATA_USAGE_ONLY_COLLECTED,,MULTIPLE_CHOICE,"Gegevensgebruik en -verwerking (Kredietscore)/Worden deze gegevens verzameld, gedeeld of allebei?/Verzameld"
PSL_DATA_USAGE_RESPONSES:PSL_CREDIT_SCORE:PSL_DATA_USAGE_COLLECTION_AND_SHARING,PSL_DATA_USAGE_ONLY_SHARED,,MULTIPLE_CHOICE,"Gegevensgebruik en -verwerking (Kredietscore)/Worden deze gegevens verzameld, gedeeld of allebei?/Gedeeld"
PSL_DATA_USAGE_RESPONSES:PSL_CREDIT_SCORE:PSL_DATA_USAGE_EPHEMERAL,,,MAYBE_REQUIRED,Gegevensgebruik en -verwerking (Kredietscore)/Worden deze gegevens kortstondig verwerkt?
PSL_DATA_USAGE_RESPONSES:PSL_CREDIT_SCORE:DATA_USAGE_USER_CONTROL,PSL_DATA_USAGE_USER_CONTROL_OPTIONAL,,SINGLE_CHOICE,Gegevensgebruik en -verwerking (Kredietscore)/Zijn deze gegevens vereist voor je app en kunnen gebruikers kiezen of deze worden verzameld?/Gebruikers kunnen kiezen of deze gegevens worden verzameld
PSL_DATA_USAGE_RESPONSES:PSL_CREDIT_SCORE:DATA_USAGE_USER_CONTROL,PSL_DATA_USAGE_USER_CONTROL_REQUIRED,,SINGLE_CHOICE,Gegevensgebruik en -verwerking (Kredietscore)/Zijn deze gegevens vereist voor je app en kunnen gebruikers kiezen of deze worden verzameld?/Gegevensverzameling is vereist (gebruikers kunnen deze gegevensverzameling niet uitzetten)
PSL_DATA_USAGE_RESPONSES:PSL_CREDIT_SCORE:DATA_USAGE_COLLECTION_PURPOSE,PSL_APP_FUNCTIONALITY,,MULTIPLE_CHOICE,Gegevensgebruik en -verwerking (Kredietscore)/Waarom worden deze gebruikersgegevens verzameld? Selecteer alle antwoorden die van toepassing zijn./App-functionaliteit
PSL_DATA_USAGE_RESPONSES:PSL_CREDIT_SCORE:DATA_USAGE_COLLECTION_PURPOSE,PSL_ANALYTICS,,MULTIPLE_CHOICE,Gegevensgebruik en -verwerking (Kredietscore)/Waarom worden deze gebruikersgegevens verzameld? Selecteer alle antwoorden die van toepassing zijn./Analyse
PSL_DATA_USAGE_RESPONSES:PSL_CREDIT_SCORE:DATA_USAGE_COLLECTION_PURPOSE,PSL_DEVELOPER_COMMUNICATIONS,,MULTIPLE_CHOICE,Gegevensgebruik en -verwerking (Kredietscore)/Waarom worden deze gebruikersgegevens verzameld? Selecteer alle antwoorden die van toepassing zijn./Berichten van de ontwikkelaar
PSL_DATA_USAGE_RESPONSES:PSL_CREDIT_SCORE:DATA_USAGE_COLLECTION_PURPOSE,PSL_FRAUD_PREVENTION_SECURITY,,MULTIPLE_CHOICE,"Gegevensgebruik en -verwerking (Kredietscore)/Waarom worden deze gebruikersgegevens verzameld? Selecteer alle antwoorden die van toepassing zijn./Fraudepreventie, beveiliging en naleving"
PSL_DATA_USAGE_RESPONSES:PSL_CREDIT_SCORE:DATA_USAGE_COLLECTION_PURPOSE,PSL_ADVERTISING,,MULTIPLE_CHOICE,Gegevensgebruik en -verwerking (Kredietscore)/Waarom worden deze gebruikersgegevens verzameld? Selecteer alle antwoorden die van toepassing zijn./Advertenties of marketing
PSL_DATA_USAGE_RESPONSES:PSL_CREDIT_SCORE:DATA_USAGE_COLLECTION_PURPOSE,PSL_PERSONALIZATION,,MULTIPLE_CHOICE,Gegevensgebruik en -verwerking (Kredietscore)/Waarom worden deze gebruikersgegevens verzameld? Selecteer alle antwoorden die van toepassing zijn./Personalisatie
PSL_DATA_USAGE_RESPONSES:PSL_CREDIT_SCORE:DATA_USAGE_COLLECTION_PURPOSE,PSL_ACCOUNT_MANAGEMENT,,MULTIPLE_CHOICE,Gegevensgebruik en -verwerking (Kredietscore)/Waarom worden deze gebruikersgegevens verzameld? Selecteer alle antwoorden die van toepassing zijn./Accountbeheer
PSL_DATA_USAGE_RESPONSES:PSL_CREDIT_SCORE:DATA_USAGE_SHARING_PURPOSE,PSL_APP_FUNCTIONALITY,,MULTIPLE_CHOICE,Gegevensgebruik en -verwerking (Kredietscore)/Waarom worden deze gebruikersgegevens gedeeld? Selecteer alle antwoorden die van toepassing zijn./App-functionaliteit
PSL_DATA_USAGE_RESPONSES:PSL_CREDIT_SCORE:DATA_USAGE_SHARING_PURPOSE,PSL_ANALYTICS,,MULTIPLE_CHOICE,Gegevensgebruik en -verwerking (Kredietscore)/Waarom worden deze gebruikersgegevens gedeeld? Selecteer alle antwoorden die van toepassing zijn./Analyse
PSL_DATA_USAGE_RESPONSES:PSL_CREDIT_SCORE:DATA_USAGE_SHARING_PURPOSE,PSL_DEVELOPER_COMMUNICATIONS,,MULTIPLE_CHOICE,Gegevensgebruik en -verwerking (Kredietscore)/Waarom worden deze gebruikersgegevens gedeeld? Selecteer alle antwoorden die van toepassing zijn./Berichten van de ontwikkelaar
PSL_DATA_USAGE_RESPONSES:PSL_CREDIT_SCORE:DATA_USAGE_SHARING_PURPOSE,PSL_FRAUD_PREVENTION_SECURITY,,MULTIPLE_CHOICE,"Gegevensgebruik en -verwerking (Kredietscore)/Waarom worden deze gebruikersgegevens gedeeld? Selecteer alle antwoorden die van toepassing zijn./Fraudepreventie, beveiliging en naleving"
PSL_DATA_USAGE_RESPONSES:PSL_CREDIT_SCORE:DATA_USAGE_SHARING_PURPOSE,PSL_ADVERTISING,,MULTIPLE_CHOICE,Gegevensgebruik en -verwerking (Kredietscore)/Waarom worden deze gebruikersgegevens gedeeld? Selecteer alle antwoorden die van toepassing zijn./Advertenties of marketing
PSL_DATA_USAGE_RESPONSES:PSL_CREDIT_SCORE:DATA_USAGE_SHARING_PURPOSE,PSL_PERSONALIZATION,,MULTIPLE_CHOICE,Gegevensgebruik en -verwerking (Kredietscore)/Waarom worden deze gebruikersgegevens gedeeld? Selecteer alle antwoorden die van toepassing zijn./Personalisatie
PSL_DATA_USAGE_RESPONSES:PSL_CREDIT_SCORE:DATA_USAGE_SHARING_PURPOSE,PSL_ACCOUNT_MANAGEMENT,,MULTIPLE_CHOICE,Gegevensgebruik en -verwerking (Kredietscore)/Waarom worden deze gebruikersgegevens gedeeld? Selecteer alle antwoorden die van toepassing zijn./Accountbeheer
PSL_DATA_USAGE_RESPONSES:PSL_OTHER:PSL_DATA_USAGE_COLLECTION_AND_SHARING,PSL_DATA_USAGE_ONLY_COLLECTED,,MULTIPLE_CHOICE,"Gegevensgebruik en -verwerking (Andere financiële informatie)/Worden deze gegevens verzameld, gedeeld of allebei?/Verzameld"
PSL_DATA_USAGE_RESPONSES:PSL_OTHER:PSL_DATA_USAGE_COLLECTION_AND_SHARING,PSL_DATA_USAGE_ONLY_SHARED,,MULTIPLE_CHOICE,"Gegevensgebruik en -verwerking (Andere financiële informatie)/Worden deze gegevens verzameld, gedeeld of allebei?/Gedeeld"
PSL_DATA_USAGE_RESPONSES:PSL_OTHER:PSL_DATA_USAGE_EPHEMERAL,,,MAYBE_REQUIRED,Gegevensgebruik en -verwerking (Andere financiële informatie)/Worden deze gegevens kortstondig verwerkt?
PSL_DATA_USAGE_RESPONSES:PSL_OTHER:DATA_USAGE_USER_CONTROL,PSL_DATA_USAGE_USER_CONTROL_OPTIONAL,,SINGLE_CHOICE,Gegevensgebruik en -verwerking (Andere financiële informatie)/Zijn deze gegevens vereist voor je app en kunnen gebruikers kiezen of deze worden verzameld?/Gebruikers kunnen kiezen of deze gegevens worden verzameld
PSL_DATA_USAGE_RESPONSES:PSL_OTHER:DATA_USAGE_USER_CONTROL,PSL_DATA_USAGE_USER_CONTROL_REQUIRED,,SINGLE_CHOICE,Gegevensgebruik en -verwerking (Andere financiële informatie)/Zijn deze gegevens vereist voor je app en kunnen gebruikers kiezen of deze worden verzameld?/Gegevensverzameling is vereist (gebruikers kunnen deze gegevensverzameling niet uitzetten)
PSL_DATA_USAGE_RESPONSES:PSL_OTHER:DATA_USAGE_COLLECTION_PURPOSE,PSL_APP_FUNCTIONALITY,,MULTIPLE_CHOICE,Gegevensgebruik en -verwerking (Andere financiële informatie)/Waarom worden deze gebruikersgegevens verzameld? Selecteer alle antwoorden die van toepassing zijn./App-functionaliteit
PSL_DATA_USAGE_RESPONSES:PSL_OTHER:DATA_USAGE_COLLECTION_PURPOSE,PSL_ANALYTICS,,MULTIPLE_CHOICE,Gegevensgebruik en -verwerking (Andere financiële informatie)/Waarom worden deze gebruikersgegevens verzameld? Selecteer alle antwoorden die van toepassing zijn./Analyse
PSL_DATA_USAGE_RESPONSES:PSL_OTHER:DATA_USAGE_COLLECTION_PURPOSE,PSL_DEVELOPER_COMMUNICATIONS,,MULTIPLE_CHOICE,Gegevensgebruik en -verwerking (Andere financiële informatie)/Waarom worden deze gebruikersgegevens verzameld? Selecteer alle antwoorden die van toepassing zijn./Berichten van de ontwikkelaar
PSL_DATA_USAGE_RESPONSES:PSL_OTHER:DATA_USAGE_COLLECTION_PURPOSE,PSL_FRAUD_PREVENTION_SECURITY,,MULTIPLE_CHOICE,"Gegevensgebruik en -verwerking (Andere financiële informatie)/Waarom worden deze gebruikersgegevens verzameld? Selecteer alle antwoorden die van toepassing zijn./Fraudepreventie, beveiliging en naleving"
PSL_DATA_USAGE_RESPONSES:PSL_OTHER:DATA_USAGE_COLLECTION_PURPOSE,PSL_ADVERTISING,,MULTIPLE_CHOICE,Gegevensgebruik en -verwerking (Andere financiële informatie)/Waarom worden deze gebruikersgegevens verzameld? Selecteer alle antwoorden die van toepassing zijn./Advertenties of marketing
PSL_DATA_USAGE_RESPONSES:PSL_OTHER:DATA_USAGE_COLLECTION_PURPOSE,PSL_PERSONALIZATION,,MULTIPLE_CHOICE,Gegevensgebruik en -verwerking (Andere financiële informatie)/Waarom worden deze gebruikersgegevens verzameld? Selecteer alle antwoorden die van toepassing zijn./Personalisatie
PSL_DATA_USAGE_RESPONSES:PSL_OTHER:DATA_USAGE_COLLECTION_PURPOSE,PSL_ACCOUNT_MANAGEMENT,,MULTIPLE_CHOICE,Gegevensgebruik en -verwerking (Andere financiële informatie)/Waarom worden deze gebruikersgegevens verzameld? Selecteer alle antwoorden die van toepassing zijn./Accountbeheer
PSL_DATA_USAGE_RESPONSES:PSL_OTHER:DATA_USAGE_SHARING_PURPOSE,PSL_APP_FUNCTIONALITY,,MULTIPLE_CHOICE,Gegevensgebruik en -verwerking (Andere financiële informatie)/Waarom worden deze gebruikersgegevens gedeeld? Selecteer alle antwoorden die van toepassing zijn./App-functionaliteit
PSL_DATA_USAGE_RESPONSES:PSL_OTHER:DATA_USAGE_SHARING_PURPOSE,PSL_ANALYTICS,,MULTIPLE_CHOICE,Gegevensgebruik en -verwerking (Andere financiële informatie)/Waarom worden deze gebruikersgegevens gedeeld? Selecteer alle antwoorden die van toepassing zijn./Analyse
PSL_DATA_USAGE_RESPONSES:PSL_OTHER:DATA_USAGE_SHARING_PURPOSE,PSL_DEVELOPER_COMMUNICATIONS,,MULTIPLE_CHOICE,Gegevensgebruik en -verwerking (Andere financiële informatie)/Waarom worden deze gebruikersgegevens gedeeld? Selecteer alle antwoorden die van toepassing zijn./Berichten van de ontwikkelaar
PSL_DATA_USAGE_RESPONSES:PSL_OTHER:DATA_USAGE_SHARING_PURPOSE,PSL_FRAUD_PREVENTION_SECURITY,,MULTIPLE_CHOICE,"Gegevensgebruik en -verwerking (Andere financiële informatie)/Waarom worden deze gebruikersgegevens gedeeld? Selecteer alle antwoorden die van toepassing zijn./Fraudepreventie, beveiliging en naleving"
PSL_DATA_USAGE_RESPONSES:PSL_OTHER:DATA_USAGE_SHARING_PURPOSE,PSL_ADVERTISING,,MULTIPLE_CHOICE,Gegevensgebruik en -verwerking (Andere financiële informatie)/Waarom worden deze gebruikersgegevens gedeeld? Selecteer alle antwoorden die van toepassing zijn./Advertenties of marketing
PSL_DATA_USAGE_RESPONSES:PSL_OTHER:DATA_USAGE_SHARING_PURPOSE,PSL_PERSONALIZATION,,MULTIPLE_CHOICE,Gegevensgebruik en -verwerking (Andere financiële informatie)/Waarom worden deze gebruikersgegevens gedeeld? Selecteer alle antwoorden die van toepassing zijn./Personalisatie
PSL_DATA_USAGE_RESPONSES:PSL_OTHER:DATA_USAGE_SHARING_PURPOSE,PSL_ACCOUNT_MANAGEMENT,,MULTIPLE_CHOICE,Gegevensgebruik en -verwerking (Andere financiële informatie)/Waarom worden deze gebruikersgegevens gedeeld? Selecteer alle antwoorden die van toepassing zijn./Accountbeheer
PSL_DATA_USAGE_RESPONSES:PSL_APPROX_LOCATION:PSL_DATA_USAGE_COLLECTION_AND_SHARING,PSL_DATA_USAGE_ONLY_COLLECTED,,MULTIPLE_CHOICE,"Gegevensgebruik en -verwerking (Geschatte locatie)/Worden deze gegevens verzameld, gedeeld of allebei?/Verzameld"
PSL_DATA_USAGE_RESPONSES:PSL_APPROX_LOCATION:PSL_DATA_USAGE_COLLECTION_AND_SHARING,PSL_DATA_USAGE_ONLY_SHARED,,MULTIPLE_CHOICE,"Gegevensgebruik en -verwerking (Geschatte locatie)/Worden deze gegevens verzameld, gedeeld of allebei?/Gedeeld"
PSL_DATA_USAGE_RESPONSES:PSL_APPROX_LOCATION:PSL_DATA_USAGE_EPHEMERAL,,,MAYBE_REQUIRED,Gegevensgebruik en -verwerking (Geschatte locatie)/Worden deze gegevens kortstondig verwerkt?
PSL_DATA_USAGE_RESPONSES:PSL_APPROX_LOCATION:DATA_USAGE_USER_CONTROL,PSL_DATA_USAGE_USER_CONTROL_OPTIONAL,,SINGLE_CHOICE,Gegevensgebruik en -verwerking (Geschatte locatie)/Zijn deze gegevens vereist voor je app en kunnen gebruikers kiezen of deze worden verzameld?/Gebruikers kunnen kiezen of deze gegevens worden verzameld
PSL_DATA_USAGE_RESPONSES:PSL_APPROX_LOCATION:DATA_USAGE_USER_CONTROL,PSL_DATA_USAGE_USER_CONTROL_REQUIRED,,SINGLE_CHOICE,Gegevensgebruik en -verwerking (Geschatte locatie)/Zijn deze gegevens vereist voor je app en kunnen gebruikers kiezen of deze worden verzameld?/Gegevensverzameling is vereist (gebruikers kunnen deze gegevensverzameling niet uitzetten)
PSL_DATA_USAGE_RESPONSES:PSL_APPROX_LOCATION:DATA_USAGE_COLLECTION_PURPOSE,PSL_APP_FUNCTIONALITY,,MULTIPLE_CHOICE,Gegevensgebruik en -verwerking (Geschatte locatie)/Waarom worden deze gebruikersgegevens verzameld? Selecteer alle antwoorden die van toepassing zijn./App-functionaliteit
PSL_DATA_USAGE_RESPONSES:PSL_APPROX_LOCATION:DATA_USAGE_COLLECTION_PURPOSE,PSL_ANALYTICS,,MULTIPLE_CHOICE,Gegevensgebruik en -verwerking (Geschatte locatie)/Waarom worden deze gebruikersgegevens verzameld? Selecteer alle antwoorden die van toepassing zijn./Analyse
PSL_DATA_USAGE_RESPONSES:PSL_APPROX_LOCATION:DATA_USAGE_COLLECTION_PURPOSE,PSL_DEVELOPER_COMMUNICATIONS,,MULTIPLE_CHOICE,Gegevensgebruik en -verwerking (Geschatte locatie)/Waarom worden deze gebruikersgegevens verzameld? Selecteer alle antwoorden die van toepassing zijn./Berichten van de ontwikkelaar
PSL_DATA_USAGE_RESPONSES:PSL_APPROX_LOCATION:DATA_USAGE_COLLECTION_PURPOSE,PSL_FRAUD_PREVENTION_SECURITY,,MULTIPLE_CHOICE,"Gegevensgebruik en -verwerking (Geschatte locatie)/Waarom worden deze gebruikersgegevens verzameld? Selecteer alle antwoorden die van toepassing zijn./Fraudepreventie, beveiliging en naleving"
PSL_DATA_USAGE_RESPONSES:PSL_APPROX_LOCATION:DATA_USAGE_COLLECTION_PURPOSE,PSL_ADVERTISING,,MULTIPLE_CHOICE,Gegevensgebruik en -verwerking (Geschatte locatie)/Waarom worden deze gebruikersgegevens verzameld? Selecteer alle antwoorden die van toepassing zijn./Advertenties of marketing
PSL_DATA_USAGE_RESPONSES:PSL_APPROX_LOCATION:DATA_USAGE_COLLECTION_PURPOSE,PSL_PERSONALIZATION,,MULTIPLE_CHOICE,Gegevensgebruik en -verwerking (Geschatte locatie)/Waarom worden deze gebruikersgegevens verzameld? Selecteer alle antwoorden die van toepassing zijn./Personalisatie
PSL_DATA_USAGE_RESPONSES:PSL_APPROX_LOCATION:DATA_USAGE_COLLECTION_PURPOSE,PSL_ACCOUNT_MANAGEMENT,,MULTIPLE_CHOICE,Gegevensgebruik en -verwerking (Geschatte locatie)/Waarom worden deze gebruikersgegevens verzameld? Selecteer alle antwoorden die van toepassing zijn./Accountbeheer
PSL_DATA_USAGE_RESPONSES:PSL_APPROX_LOCATION:DATA_USAGE_SHARING_PURPOSE,PSL_APP_FUNCTIONALITY,,MULTIPLE_CHOICE,Gegevensgebruik en -verwerking (Geschatte locatie)/Waarom worden deze gebruikersgegevens gedeeld? Selecteer alle antwoorden die van toepassing zijn./App-functionaliteit
PSL_DATA_USAGE_RESPONSES:PSL_APPROX_LOCATION:DATA_USAGE_SHARING_PURPOSE,PSL_ANALYTICS,,MULTIPLE_CHOICE,Gegevensgebruik en -verwerking (Geschatte locatie)/Waarom worden deze gebruikersgegevens gedeeld? Selecteer alle antwoorden die van toepassing zijn./Analyse
PSL_DATA_USAGE_RESPONSES:PSL_APPROX_LOCATION:DATA_USAGE_SHARING_PURPOSE,PSL_DEVELOPER_COMMUNICATIONS,,MULTIPLE_CHOICE,Gegevensgebruik en -verwerking (Geschatte locatie)/Waarom worden deze gebruikersgegevens gedeeld? Selecteer alle antwoorden die van toepassing zijn./Berichten van de ontwikkelaar
PSL_DATA_USAGE_RESPONSES:PSL_APPROX_LOCATION:DATA_USAGE_SHARING_PURPOSE,PSL_FRAUD_PREVENTION_SECURITY,,MULTIPLE_CHOICE,"Gegevensgebruik en -verwerking (Geschatte locatie)/Waarom worden deze gebruikersgegevens gedeeld? Selecteer alle antwoorden die van toepassing zijn./Fraudepreventie, beveiliging en naleving"
PSL_DATA_USAGE_RESPONSES:PSL_APPROX_LOCATION:DATA_USAGE_SHARING_PURPOSE,PSL_ADVERTISING,,MULTIPLE_CHOICE,Gegevensgebruik en -verwerking (Geschatte locatie)/Waarom worden deze gebruikersgegevens gedeeld? Selecteer alle antwoorden die van toepassing zijn./Advertenties of marketing
PSL_DATA_USAGE_RESPONSES:PSL_APPROX_LOCATION:DATA_USAGE_SHARING_PURPOSE,PSL_PERSONALIZATION,,MULTIPLE_CHOICE,Gegevensgebruik en -verwerking (Geschatte locatie)/Waarom worden deze gebruikersgegevens gedeeld? Selecteer alle antwoorden die van toepassing zijn./Personalisatie
PSL_DATA_USAGE_RESPONSES:PSL_APPROX_LOCATION:DATA_USAGE_SHARING_PURPOSE,PSL_ACCOUNT_MANAGEMENT,,MULTIPLE_CHOICE,Gegevensgebruik en -verwerking (Geschatte locatie)/Waarom worden deze gebruikersgegevens gedeeld? Selecteer alle antwoorden die van toepassing zijn./Accountbeheer
PSL_DATA_USAGE_RESPONSES:PSL_PRECISE_LOCATION:PSL_DATA_USAGE_COLLECTION_AND_SHARING,PSL_DATA_USAGE_ONLY_COLLECTED,,MULTIPLE_CHOICE,"Gegevensgebruik en -verwerking (Exacte locatie)/Worden deze gegevens verzameld, gedeeld of allebei?/Verzameld"
PSL_DATA_USAGE_RESPONSES:PSL_PRECISE_LOCATION:PSL_DATA_USAGE_COLLECTION_AND_SHARING,PSL_DATA_USAGE_ONLY_SHARED,,MULTIPLE_CHOICE,"Gegevensgebruik en -verwerking (Exacte locatie)/Worden deze gegevens verzameld, gedeeld of allebei?/Gedeeld"
PSL_DATA_USAGE_RESPONSES:PSL_PRECISE_LOCATION:PSL_DATA_USAGE_EPHEMERAL,,,MAYBE_REQUIRED,Gegevensgebruik en -verwerking (Exacte locatie)/Worden deze gegevens kortstondig verwerkt?
PSL_DATA_USAGE_RESPONSES:PSL_PRECISE_LOCATION:DATA_USAGE_USER_CONTROL,PSL_DATA_USAGE_USER_CONTROL_OPTIONAL,,SINGLE_CHOICE,Gegevensgebruik en -verwerking (Exacte locatie)/Zijn deze gegevens vereist voor je app en kunnen gebruikers kiezen of deze worden verzameld?/Gebruikers kunnen kiezen of deze gegevens worden verzameld
PSL_DATA_USAGE_RESPONSES:PSL_PRECISE_LOCATION:DATA_USAGE_USER_CONTROL,PSL_DATA_USAGE_USER_CONTROL_REQUIRED,,SINGLE_CHOICE,Gegevensgebruik en -verwerking (Exacte locatie)/Zijn deze gegevens vereist voor je app en kunnen gebruikers kiezen of deze worden verzameld?/Gegevensverzameling is vereist (gebruikers kunnen deze gegevensverzameling niet uitzetten)
PSL_DATA_USAGE_RESPONSES:PSL_PRECISE_LOCATION:DATA_USAGE_COLLECTION_PURPOSE,PSL_APP_FUNCTIONALITY,,MULTIPLE_CHOICE,Gegevensgebruik en -verwerking (Exacte locatie)/Waarom worden deze gebruikersgegevens verzameld? Selecteer alle antwoorden die van toepassing zijn./App-functionaliteit
PSL_DATA_USAGE_RESPONSES:PSL_PRECISE_LOCATION:DATA_USAGE_COLLECTION_PURPOSE,PSL_ANALYTICS,,MULTIPLE_CHOICE,Gegevensgebruik en -verwerking (Exacte locatie)/Waarom worden deze gebruikersgegevens verzameld? Selecteer alle antwoorden die van toepassing zijn./Analyse
PSL_DATA_USAGE_RESPONSES:PSL_PRECISE_LOCATION:DATA_USAGE_COLLECTION_PURPOSE,PSL_DEVELOPER_COMMUNICATIONS,,MULTIPLE_CHOICE,Gegevensgebruik en -verwerking (Exacte locatie)/Waarom worden deze gebruikersgegevens verzameld? Selecteer alle antwoorden die van toepassing zijn./Berichten van de ontwikkelaar
PSL_DATA_USAGE_RESPONSES:PSL_PRECISE_LOCATION:DATA_USAGE_COLLECTION_PURPOSE,PSL_FRAUD_PREVENTION_SECURITY,,MULTIPLE_CHOICE,"Gegevensgebruik en -verwerking (Exacte locatie)/Waarom worden deze gebruikersgegevens verzameld? Selecteer alle antwoorden die van toepassing zijn./Fraudepreventie, beveiliging en naleving"
PSL_DATA_USAGE_RESPONSES:PSL_PRECISE_LOCATION:DATA_USAGE_COLLECTION_PURPOSE,PSL_ADVERTISING,,MULTIPLE_CHOICE,Gegevensgebruik en -verwerking (Exacte locatie)/Waarom worden deze gebruikersgegevens verzameld? Selecteer alle antwoorden die van toepassing zijn./Advertenties of marketing
PSL_DATA_USAGE_RESPONSES:PSL_PRECISE_LOCATION:DATA_USAGE_COLLECTION_PURPOSE,PSL_PERSONALIZATION,,MULTIPLE_CHOICE,Gegevensgebruik en -verwerking (Exacte locatie)/Waarom worden deze gebruikersgegevens verzameld? Selecteer alle antwoorden die van toepassing zijn./Personalisatie
PSL_DATA_USAGE_RESPONSES:PSL_PRECISE_LOCATION:DATA_USAGE_COLLECTION_PURPOSE,PSL_ACCOUNT_MANAGEMENT,,MULTIPLE_CHOICE,Gegevensgebruik en -verwerking (Exacte locatie)/Waarom worden deze gebruikersgegevens verzameld? Selecteer alle antwoorden die van toepassing zijn./Accountbeheer
PSL_DATA_USAGE_RESPONSES:PSL_PRECISE_LOCATION:DATA_USAGE_SHARING_PURPOSE,PSL_APP_FUNCTIONALITY,,MULTIPLE_CHOICE,Gegevensgebruik en -verwerking (Exacte locatie)/Waarom worden deze gebruikersgegevens gedeeld? Selecteer alle antwoorden die van toepassing zijn./App-functionaliteit
PSL_DATA_USAGE_RESPONSES:PSL_PRECISE_LOCATION:DATA_USAGE_SHARING_PURPOSE,PSL_ANALYTICS,,MULTIPLE_CHOICE,Gegevensgebruik en -verwerking (Exacte locatie)/Waarom worden deze gebruikersgegevens gedeeld? Selecteer alle antwoorden die van toepassing zijn./Analyse
PSL_DATA_USAGE_RESPONSES:PSL_PRECISE_LOCATION:DATA_USAGE_SHARING_PURPOSE,PSL_DEVELOPER_COMMUNICATIONS,,MULTIPLE_CHOICE,Gegevensgebruik en -verwerking (Exacte locatie)/Waarom worden deze gebruikersgegevens gedeeld? Selecteer alle antwoorden die van toepassing zijn./Berichten van de ontwikkelaar
PSL_DATA_USAGE_RESPONSES:PSL_PRECISE_LOCATION:DATA_USAGE_SHARING_PURPOSE,PSL_FRAUD_PREVENTION_SECURITY,,MULTIPLE_CHOICE,"Gegevensgebruik en -verwerking (Exacte locatie)/Waarom worden deze gebruikersgegevens gedeeld? Selecteer alle antwoorden die van toepassing zijn./Fraudepreventie, beveiliging en naleving"
PSL_DATA_USAGE_RESPONSES:PSL_PRECISE_LOCATION:DATA_USAGE_SHARING_PURPOSE,PSL_ADVERTISING,,MULTIPLE_CHOICE,Gegevensgebruik en -verwerking (Exacte locatie)/Waarom worden deze gebruikersgegevens gedeeld? Selecteer alle antwoorden die van toepassing zijn./Advertenties of marketing
PSL_DATA_USAGE_RESPONSES:PSL_PRECISE_LOCATION:DATA_USAGE_SHARING_PURPOSE,PSL_PERSONALIZATION,,MULTIPLE_CHOICE,Gegevensgebruik en -verwerking (Exacte locatie)/Waarom worden deze gebruikersgegevens gedeeld? Selecteer alle antwoorden die van toepassing zijn./Personalisatie
PSL_DATA_USAGE_RESPONSES:PSL_PRECISE_LOCATION:DATA_USAGE_SHARING_PURPOSE,PSL_ACCOUNT_MANAGEMENT,,MULTIPLE_CHOICE,Gegevensgebruik en -verwerking (Exacte locatie)/Waarom worden deze gebruikersgegevens gedeeld? Selecteer alle antwoorden die van toepassing zijn./Accountbeheer
PSL_DATA_USAGE_RESPONSES:PSL_WEB_BROWSING_HISTORY:PSL_DATA_USAGE_COLLECTION_AND_SHARING,PSL_DATA_USAGE_ONLY_COLLECTED,,MULTIPLE_CHOICE,"Gegevensgebruik en -verwerking (Browsegeschiedenis)/Worden deze gegevens verzameld, gedeeld of allebei?/Verzameld"
PSL_DATA_USAGE_RESPONSES:PSL_WEB_BROWSING_HISTORY:PSL_DATA_USAGE_COLLECTION_AND_SHARING,PSL_DATA_USAGE_ONLY_SHARED,,MULTIPLE_CHOICE,"Gegevensgebruik en -verwerking (Browsegeschiedenis)/Worden deze gegevens verzameld, gedeeld of allebei?/Gedeeld"
PSL_DATA_USAGE_RESPONSES:PSL_WEB_BROWSING_HISTORY:PSL_DATA_USAGE_EPHEMERAL,,,MAYBE_REQUIRED,Gegevensgebruik en -verwerking (Browsegeschiedenis)/Worden deze gegevens kortstondig verwerkt?
PSL_DATA_USAGE_RESPONSES:PSL_WEB_BROWSING_HISTORY:DATA_USAGE_USER_CONTROL,PSL_DATA_USAGE_USER_CONTROL_OPTIONAL,,SINGLE_CHOICE,Gegevensgebruik en -verwerking (Browsegeschiedenis)/Zijn deze gegevens vereist voor je app en kunnen gebruikers kiezen of deze worden verzameld?/Gebruikers kunnen kiezen of deze gegevens worden verzameld
PSL_DATA_USAGE_RESPONSES:PSL_WEB_BROWSING_HISTORY:DATA_USAGE_USER_CONTROL,PSL_DATA_USAGE_USER_CONTROL_REQUIRED,,SINGLE_CHOICE,Gegevensgebruik en -verwerking (Browsegeschiedenis)/Zijn deze gegevens vereist voor je app en kunnen gebruikers kiezen of deze worden verzameld?/Gegevensverzameling is vereist (gebruikers kunnen deze gegevensverzameling niet uitzetten)
PSL_DATA_USAGE_RESPONSES:PSL_WEB_BROWSING_HISTORY:DATA_USAGE_COLLECTION_PURPOSE,PSL_APP_FUNCTIONALITY,,MULTIPLE_CHOICE,Gegevensgebruik en -verwerking (Browsegeschiedenis)/Waarom worden deze gebruikersgegevens verzameld? Selecteer alle antwoorden die van toepassing zijn./App-functionaliteit
PSL_DATA_USAGE_RESPONSES:PSL_WEB_BROWSING_HISTORY:DATA_USAGE_COLLECTION_PURPOSE,PSL_ANALYTICS,,MULTIPLE_CHOICE,Gegevensgebruik en -verwerking (Browsegeschiedenis)/Waarom worden deze gebruikersgegevens verzameld? Selecteer alle antwoorden die van toepassing zijn./Analyse
PSL_DATA_USAGE_RESPONSES:PSL_WEB_BROWSING_HISTORY:DATA_USAGE_COLLECTION_PURPOSE,PSL_DEVELOPER_COMMUNICATIONS,,MULTIPLE_CHOICE,Gegevensgebruik en -verwerking (Browsegeschiedenis)/Waarom worden deze gebruikersgegevens verzameld? Selecteer alle antwoorden die van toepassing zijn./Berichten van de ontwikkelaar
PSL_DATA_USAGE_RESPONSES:PSL_WEB_BROWSING_HISTORY:DATA_USAGE_COLLECTION_PURPOSE,PSL_FRAUD_PREVENTION_SECURITY,,MULTIPLE_CHOICE,"Gegevensgebruik en -verwerking (Browsegeschiedenis)/Waarom worden deze gebruikersgegevens verzameld? Selecteer alle antwoorden die van toepassing zijn./Fraudepreventie, beveiliging en naleving"
PSL_DATA_USAGE_RESPONSES:PSL_WEB_BROWSING_HISTORY:DATA_USAGE_COLLECTION_PURPOSE,PSL_ADVERTISING,,MULTIPLE_CHOICE,Gegevensgebruik en -verwerking (Browsegeschiedenis)/Waarom worden deze gebruikersgegevens verzameld? Selecteer alle antwoorden die van toepassing zijn./Advertenties of marketing
PSL_DATA_USAGE_RESPONSES:PSL_WEB_BROWSING_HISTORY:DATA_USAGE_COLLECTION_PURPOSE,PSL_PERSONALIZATION,,MULTIPLE_CHOICE,Gegevensgebruik en -verwerking (Browsegeschiedenis)/Waarom worden deze gebruikersgegevens verzameld? Selecteer alle antwoorden die van toepassing zijn./Personalisatie
PSL_DATA_USAGE_RESPONSES:PSL_WEB_BROWSING_HISTORY:DATA_USAGE_COLLECTION_PURPOSE,PSL_ACCOUNT_MANAGEMENT,,MULTIPLE_CHOICE,Gegevensgebruik en -verwerking (Browsegeschiedenis)/Waarom worden deze gebruikersgegevens verzameld? Selecteer alle antwoorden die van toepassing zijn./Accountbeheer
PSL_DATA_USAGE_RESPONSES:PSL_WEB_BROWSING_HISTORY:DATA_USAGE_SHARING_PURPOSE,PSL_APP_FUNCTIONALITY,,MULTIPLE_CHOICE,Gegevensgebruik en -verwerking (Browsegeschiedenis)/Waarom worden deze gebruikersgegevens gedeeld? Selecteer alle antwoorden die van toepassing zijn./App-functionaliteit
PSL_DATA_USAGE_RESPONSES:PSL_WEB_BROWSING_HISTORY:DATA_USAGE_SHARING_PURPOSE,PSL_ANALYTICS,,MULTIPLE_CHOICE,Gegevensgebruik en -verwerking (Browsegeschiedenis)/Waarom worden deze gebruikersgegevens gedeeld? Selecteer alle antwoorden die van toepassing zijn./Analyse
PSL_DATA_USAGE_RESPONSES:PSL_WEB_BROWSING_HISTORY:DATA_USAGE_SHARING_PURPOSE,PSL_DEVELOPER_COMMUNICATIONS,,MULTIPLE_CHOICE,Gegevensgebruik en -verwerking (Browsegeschiedenis)/Waarom worden deze gebruikersgegevens gedeeld? Selecteer alle antwoorden die van toepassing zijn./Berichten van de ontwikkelaar
PSL_DATA_USAGE_RESPONSES:PSL_WEB_BROWSING_HISTORY:DATA_USAGE_SHARING_PURPOSE,PSL_FRAUD_PREVENTION_SECURITY,,MULTIPLE_CHOICE,"Gegevensgebruik en -verwerking (Browsegeschiedenis)/Waarom worden deze gebruikersgegevens gedeeld? Selecteer alle antwoorden die van toepassing zijn./Fraudepreventie, beveiliging en naleving"
PSL_DATA_USAGE_RESPONSES:PSL_WEB_BROWSING_HISTORY:DATA_USAGE_SHARING_PURPOSE,PSL_ADVERTISING,,MULTIPLE_CHOICE,Gegevensgebruik en -verwerking (Browsegeschiedenis)/Waarom worden deze gebruikersgegevens gedeeld? Selecteer alle antwoorden die van toepassing zijn./Advertenties of marketing
PSL_DATA_USAGE_RESPONSES:PSL_WEB_BROWSING_HISTORY:DATA_USAGE_SHARING_PURPOSE,PSL_PERSONALIZATION,,MULTIPLE_CHOICE,Gegevensgebruik en -verwerking (Browsegeschiedenis)/Waarom worden deze gebruikersgegevens gedeeld? Selecteer alle antwoorden die van toepassing zijn./Personalisatie
PSL_DATA_USAGE_RESPONSES:PSL_WEB_BROWSING_HISTORY:DATA_USAGE_SHARING_PURPOSE,PSL_ACCOUNT_MANAGEMENT,,MULTIPLE_CHOICE,Gegevensgebruik en -verwerking (Browsegeschiedenis)/Waarom worden deze gebruikersgegevens gedeeld? Selecteer alle antwoorden die van toepassing zijn./Accountbeheer
PSL_DATA_USAGE_RESPONSES:PSL_EMAILS:PSL_DATA_USAGE_COLLECTION_AND_SHARING,PSL_DATA_USAGE_ONLY_COLLECTED,,MULTIPLE_CHOICE,"Gegevensgebruik en -verwerking (E-mails)/Worden deze gegevens verzameld, gedeeld of allebei?/Verzameld"
PSL_DATA_USAGE_RESPONSES:PSL_EMAILS:PSL_DATA_USAGE_COLLECTION_AND_SHARING,PSL_DATA_USAGE_ONLY_SHARED,,MULTIPLE_CHOICE,"Gegevensgebruik en -verwerking (E-mails)/Worden deze gegevens verzameld, gedeeld of allebei?/Gedeeld"
PSL_DATA_USAGE_RESPONSES:PSL_EMAILS:PSL_DATA_USAGE_EPHEMERAL,,,MAYBE_REQUIRED,Gegevensgebruik en -verwerking (E-mails)/Worden deze gegevens kortstondig verwerkt?
PSL_DATA_USAGE_RESPONSES:PSL_EMAILS:DATA_USAGE_USER_CONTROL,PSL_DATA_USAGE_USER_CONTROL_OPTIONAL,,SINGLE_CHOICE,Gegevensgebruik en -verwerking (E-mails)/Zijn deze gegevens vereist voor je app en kunnen gebruikers kiezen of deze worden verzameld?/Gebruikers kunnen kiezen of deze gegevens worden verzameld
PSL_DATA_USAGE_RESPONSES:PSL_EMAILS:DATA_USAGE_USER_CONTROL,PSL_DATA_USAGE_USER_CONTROL_REQUIRED,,SINGLE_CHOICE,Gegevensgebruik en -verwerking (E-mails)/Zijn deze gegevens vereist voor je app en kunnen gebruikers kiezen of deze worden verzameld?/Gegevensverzameling is vereist (gebruikers kunnen deze gegevensverzameling niet uitzetten)
PSL_DATA_USAGE_RESPONSES:PSL_EMAILS:DATA_USAGE_COLLECTION_PURPOSE,PSL_APP_FUNCTIONALITY,,MULTIPLE_CHOICE,Gegevensgebruik en -verwerking (E-mails)/Waarom worden deze gebruikersgegevens verzameld? Selecteer alle antwoorden die van toepassing zijn./App-functionaliteit
PSL_DATA_USAGE_RESPONSES:PSL_EMAILS:DATA_USAGE_COLLECTION_PURPOSE,PSL_ANALYTICS,,MULTIPLE_CHOICE,Gegevensgebruik en -verwerking (E-mails)/Waarom worden deze gebruikersgegevens verzameld? Selecteer alle antwoorden die van toepassing zijn./Analyse
PSL_DATA_USAGE_RESPONSES:PSL_EMAILS:DATA_USAGE_COLLECTION_PURPOSE,PSL_DEVELOPER_COMMUNICATIONS,,MULTIPLE_CHOICE,Gegevensgebruik en -verwerking (E-mails)/Waarom worden deze gebruikersgegevens verzameld? Selecteer alle antwoorden die van toepassing zijn./Berichten van de ontwikkelaar
PSL_DATA_USAGE_RESPONSES:PSL_EMAILS:DATA_USAGE_COLLECTION_PURPOSE,PSL_FRAUD_PREVENTION_SECURITY,,MULTIPLE_CHOICE,"Gegevensgebruik en -verwerking (E-mails)/Waarom worden deze gebruikersgegevens verzameld? Selecteer alle antwoorden die van toepassing zijn./Fraudepreventie, beveiliging en naleving"
PSL_DATA_USAGE_RESPONSES:PSL_EMAILS:DATA_USAGE_COLLECTION_PURPOSE,PSL_ADVERTISING,,MULTIPLE_CHOICE,Gegevensgebruik en -verwerking (E-mails)/Waarom worden deze gebruikersgegevens verzameld? Selecteer alle antwoorden die van toepassing zijn./Advertenties of marketing
PSL_DATA_USAGE_RESPONSES:PSL_EMAILS:DATA_USAGE_COLLECTION_PURPOSE,PSL_PERSONALIZATION,,MULTIPLE_CHOICE,Gegevensgebruik en -verwerking (E-mails)/Waarom worden deze gebruikersgegevens verzameld? Selecteer alle antwoorden die van toepassing zijn./Personalisatie
PSL_DATA_USAGE_RESPONSES:PSL_EMAILS:DATA_USAGE_COLLECTION_PURPOSE,PSL_ACCOUNT_MANAGEMENT,,MULTIPLE_CHOICE,Gegevensgebruik en -verwerking (E-mails)/Waarom worden deze gebruikersgegevens verzameld? Selecteer alle antwoorden die van toepassing zijn./Accountbeheer
PSL_DATA_USAGE_RESPONSES:PSL_EMAILS:DATA_USAGE_SHARING_PURPOSE,PSL_APP_FUNCTIONALITY,,MULTIPLE_CHOICE,Gegevensgebruik en -verwerking (E-mails)/Waarom worden deze gebruikersgegevens gedeeld? Selecteer alle antwoorden die van toepassing zijn./App-functionaliteit
PSL_DATA_USAGE_RESPONSES:PSL_EMAILS:DATA_USAGE_SHARING_PURPOSE,PSL_ANALYTICS,,MULTIPLE_CHOICE,Gegevensgebruik en -verwerking (E-mails)/Waarom worden deze gebruikersgegevens gedeeld? Selecteer alle antwoorden die van toepassing zijn./Analyse
PSL_DATA_USAGE_RESPONSES:PSL_EMAILS:DATA_USAGE_SHARING_PURPOSE,PSL_DEVELOPER_COMMUNICATIONS,,MULTIPLE_CHOICE,Gegevensgebruik en -verwerking (E-mails)/Waarom worden deze gebruikersgegevens gedeeld? Selecteer alle antwoorden die van toepassing zijn./Berichten van de ontwikkelaar
PSL_DATA_USAGE_RESPONSES:PSL_EMAILS:DATA_USAGE_SHARING_PURPOSE,PSL_FRAUD_PREVENTION_SECURITY,,MULTIPLE_CHOICE,"Gegevensgebruik en -verwerking (E-mails)/Waarom worden deze gebruikersgegevens gedeeld? Selecteer alle antwoorden die van toepassing zijn./Fraudepreventie, beveiliging en naleving"
PSL_DATA_USAGE_RESPONSES:PSL_EMAILS:DATA_USAGE_SHARING_PURPOSE,PSL_ADVERTISING,,MULTIPLE_CHOICE,Gegevensgebruik en -verwerking (E-mails)/Waarom worden deze gebruikersgegevens gedeeld? Selecteer alle antwoorden die van toepassing zijn./Advertenties of marketing
PSL_DATA_USAGE_RESPONSES:PSL_EMAILS:DATA_USAGE_SHARING_PURPOSE,PSL_PERSONALIZATION,,MULTIPLE_CHOICE,Gegevensgebruik en -verwerking (E-mails)/Waarom worden deze gebruikersgegevens gedeeld? Selecteer alle antwoorden die van toepassing zijn./Personalisatie
PSL_DATA_USAGE_RESPONSES:PSL_EMAILS:DATA_USAGE_SHARING_PURPOSE,PSL_ACCOUNT_MANAGEMENT,,MULTIPLE_CHOICE,Gegevensgebruik en -verwerking (E-mails)/Waarom worden deze gebruikersgegevens gedeeld? Selecteer alle antwoorden die van toepassing zijn./Accountbeheer
PSL_DATA_USAGE_RESPONSES:PSL_SMS_CALL_LOG:PSL_DATA_USAGE_COLLECTION_AND_SHARING,PSL_DATA_USAGE_ONLY_COLLECTED,,MULTIPLE_CHOICE,"Gegevensgebruik en -verwerking (Sms of mms)/Worden deze gegevens verzameld, gedeeld of allebei?/Verzameld"
PSL_DATA_USAGE_RESPONSES:PSL_SMS_CALL_LOG:PSL_DATA_USAGE_COLLECTION_AND_SHARING,PSL_DATA_USAGE_ONLY_SHARED,,MULTIPLE_CHOICE,"Gegevensgebruik en -verwerking (Sms of mms)/Worden deze gegevens verzameld, gedeeld of allebei?/Gedeeld"
PSL_DATA_USAGE_RESPONSES:PSL_SMS_CALL_LOG:PSL_DATA_USAGE_EPHEMERAL,,,MAYBE_REQUIRED,Gegevensgebruik en -verwerking (Sms of mms)/Worden deze gegevens kortstondig verwerkt?
PSL_DATA_USAGE_RESPONSES:PSL_SMS_CALL_LOG:DATA_USAGE_USER_CONTROL,PSL_DATA_USAGE_USER_CONTROL_OPTIONAL,,SINGLE_CHOICE,Gegevensgebruik en -verwerking (Sms of mms)/Zijn deze gegevens vereist voor je app en kunnen gebruikers kiezen of deze worden verzameld?/Gebruikers kunnen kiezen of deze gegevens worden verzameld
PSL_DATA_USAGE_RESPONSES:PSL_SMS_CALL_LOG:DATA_USAGE_USER_CONTROL,PSL_DATA_USAGE_USER_CONTROL_REQUIRED,,SINGLE_CHOICE,Gegevensgebruik en -verwerking (Sms of mms)/Zijn deze gegevens vereist voor je app en kunnen gebruikers kiezen of deze worden verzameld?/Gegevensverzameling is vereist (gebruikers kunnen deze gegevensverzameling niet uitzetten)
PSL_DATA_USAGE_RESPONSES:PSL_SMS_CALL_LOG:DATA_USAGE_COLLECTION_PURPOSE,PSL_APP_FUNCTIONALITY,,MULTIPLE_CHOICE,Gegevensgebruik en -verwerking (Sms of mms)/Waarom worden deze gebruikersgegevens verzameld? Selecteer alle antwoorden die van toepassing zijn./App-functionaliteit
PSL_DATA_USAGE_RESPONSES:PSL_SMS_CALL_LOG:DATA_USAGE_COLLECTION_PURPOSE,PSL_ANALYTICS,,MULTIPLE_CHOICE,Gegevensgebruik en -verwerking (Sms of mms)/Waarom worden deze gebruikersgegevens verzameld? Selecteer alle antwoorden die van toepassing zijn./Analyse
PSL_DATA_USAGE_RESPONSES:PSL_SMS_CALL_LOG:DATA_USAGE_COLLECTION_PURPOSE,PSL_DEVELOPER_COMMUNICATIONS,,MULTIPLE_CHOICE,Gegevensgebruik en -verwerking (Sms of mms)/Waarom worden deze gebruikersgegevens verzameld? Selecteer alle antwoorden die van toepassing zijn./Berichten van de ontwikkelaar
PSL_DATA_USAGE_RESPONSES:PSL_SMS_CALL_LOG:DATA_USAGE_COLLECTION_PURPOSE,PSL_FRAUD_PREVENTION_SECURITY,,MULTIPLE_CHOICE,"Gegevensgebruik en -verwerking (Sms of mms)/Waarom worden deze gebruikersgegevens verzameld? Selecteer alle antwoorden die van toepassing zijn./Fraudepreventie, beveiliging en naleving"
PSL_DATA_USAGE_RESPONSES:PSL_SMS_CALL_LOG:DATA_USAGE_COLLECTION_PURPOSE,PSL_ADVERTISING,,MULTIPLE_CHOICE,Gegevensgebruik en -verwerking (Sms of mms)/Waarom worden deze gebruikersgegevens verzameld? Selecteer alle antwoorden die van toepassing zijn./Advertenties of marketing
PSL_DATA_USAGE_RESPONSES:PSL_SMS_CALL_LOG:DATA_USAGE_COLLECTION_PURPOSE,PSL_PERSONALIZATION,,MULTIPLE_CHOICE,Gegevensgebruik en -verwerking (Sms of mms)/Waarom worden deze gebruikersgegevens verzameld? Selecteer alle antwoorden die van toepassing zijn./Personalisatie
PSL_DATA_USAGE_RESPONSES:PSL_SMS_CALL_LOG:DATA_USAGE_COLLECTION_PURPOSE,PSL_ACCOUNT_MANAGEMENT,,MULTIPLE_CHOICE,Gegevensgebruik en -verwerking (Sms of mms)/Waarom worden deze gebruikersgegevens verzameld? Selecteer alle antwoorden die van toepassing zijn./Accountbeheer
PSL_DATA_USAGE_RESPONSES:PSL_SMS_CALL_LOG:DATA_USAGE_SHARING_PURPOSE,PSL_APP_FUNCTIONALITY,,MULTIPLE_CHOICE,Gegevensgebruik en -verwerking (Sms of mms)/Waarom worden deze gebruikersgegevens gedeeld? Selecteer alle antwoorden die van toepassing zijn./App-functionaliteit
PSL_DATA_USAGE_RESPONSES:PSL_SMS_CALL_LOG:DATA_USAGE_SHARING_PURPOSE,PSL_ANALYTICS,,MULTIPLE_CHOICE,Gegevensgebruik en -verwerking (Sms of mms)/Waarom worden deze gebruikersgegevens gedeeld? Selecteer alle antwoorden die van toepassing zijn./Analyse
PSL_DATA_USAGE_RESPONSES:PSL_SMS_CALL_LOG:DATA_USAGE_SHARING_PURPOSE,PSL_DEVELOPER_COMMUNICATIONS,,MULTIPLE_CHOICE,Gegevensgebruik en -verwerking (Sms of mms)/Waarom worden deze gebruikersgegevens gedeeld? Selecteer alle antwoorden die van toepassing zijn./Berichten van de ontwikkelaar
PSL_DATA_USAGE_RESPONSES:PSL_SMS_CALL_LOG:DATA_USAGE_SHARING_PURPOSE,PSL_FRAUD_PREVENTION_SECURITY,,MULTIPLE_CHOICE,"Gegevensgebruik en -verwerking (Sms of mms)/Waarom worden deze gebruikersgegevens gedeeld? Selecteer alle antwoorden die van toepassing zijn./Fraudepreventie, beveiliging en naleving"
PSL_DATA_USAGE_RESPONSES:PSL_SMS_CALL_LOG:DATA_USAGE_SHARING_PURPOSE,PSL_ADVERTISING,,MULTIPLE_CHOICE,Gegevensgebruik en -verwerking (Sms of mms)/Waarom worden deze gebruikersgegevens gedeeld? Selecteer alle antwoorden die van toepassing zijn./Advertenties of marketing
PSL_DATA_USAGE_RESPONSES:PSL_SMS_CALL_LOG:DATA_USAGE_SHARING_PURPOSE,PSL_PERSONALIZATION,,MULTIPLE_CHOICE,Gegevensgebruik en -verwerking (Sms of mms)/Waarom worden deze gebruikersgegevens gedeeld? Selecteer alle antwoorden die van toepassing zijn./Personalisatie
PSL_DATA_USAGE_RESPONSES:PSL_SMS_CALL_LOG:DATA_USAGE_SHARING_PURPOSE,PSL_ACCOUNT_MANAGEMENT,,MULTIPLE_CHOICE,Gegevensgebruik en -verwerking (Sms of mms)/Waarom worden deze gebruikersgegevens gedeeld? Selecteer alle antwoorden die van toepassing zijn./Accountbeheer
PSL_DATA_USAGE_RESPONSES:PSL_OTHER_MESSAGES:PSL_DATA_USAGE_COLLECTION_AND_SHARING,PSL_DATA_USAGE_ONLY_COLLECTED,,MULTIPLE_CHOICE,"Gegevensgebruik en -verwerking (Andere in-app berichten)/Worden deze gegevens verzameld, gedeeld of allebei?/Verzameld"
PSL_DATA_USAGE_RESPONSES:PSL_OTHER_MESSAGES:PSL_DATA_USAGE_COLLECTION_AND_SHARING,PSL_DATA_USAGE_ONLY_SHARED,,MULTIPLE_CHOICE,"Gegevensgebruik en -verwerking (Andere in-app berichten)/Worden deze gegevens verzameld, gedeeld of allebei?/Gedeeld"
PSL_DATA_USAGE_RESPONSES:PSL_OTHER_MESSAGES:PSL_DATA_USAGE_EPHEMERAL,,,MAYBE_REQUIRED,Gegevensgebruik en -verwerking (Andere in-app berichten)/Worden deze gegevens kortstondig verwerkt?
PSL_DATA_USAGE_RESPONSES:PSL_OTHER_MESSAGES:DATA_USAGE_USER_CONTROL,PSL_DATA_USAGE_USER_CONTROL_OPTIONAL,,SINGLE_CHOICE,Gegevensgebruik en -verwerking (Andere in-app berichten)/Zijn deze gegevens vereist voor je app en kunnen gebruikers kiezen of deze worden verzameld?/Gebruikers kunnen kiezen of deze gegevens worden verzameld
PSL_DATA_USAGE_RESPONSES:PSL_OTHER_MESSAGES:DATA_USAGE_USER_CONTROL,PSL_DATA_USAGE_USER_CONTROL_REQUIRED,,SINGLE_CHOICE,Gegevensgebruik en -verwerking (Andere in-app berichten)/Zijn deze gegevens vereist voor je app en kunnen gebruikers kiezen of deze worden verzameld?/Gegevensverzameling is vereist (gebruikers kunnen deze gegevensverzameling niet uitzetten)
PSL_DATA_USAGE_RESPONSES:PSL_OTHER_MESSAGES:DATA_USAGE_COLLECTION_PURPOSE,PSL_APP_FUNCTIONALITY,,MULTIPLE_CHOICE,Gegevensgebruik en -verwerking (Andere in-app berichten)/Waarom worden deze gebruikersgegevens verzameld? Selecteer alle antwoorden die van toepassing zijn./App-functionaliteit
PSL_DATA_USAGE_RESPONSES:PSL_OTHER_MESSAGES:DATA_USAGE_COLLECTION_PURPOSE,PSL_ANALYTICS,,MULTIPLE_CHOICE,Gegevensgebruik en -verwerking (Andere in-app berichten)/Waarom worden deze gebruikersgegevens verzameld? Selecteer alle antwoorden die van toepassing zijn./Analyse
PSL_DATA_USAGE_RESPONSES:PSL_OTHER_MESSAGES:DATA_USAGE_COLLECTION_PURPOSE,PSL_DEVELOPER_COMMUNICATIONS,,MULTIPLE_CHOICE,Gegevensgebruik en -verwerking (Andere in-app berichten)/Waarom worden deze gebruikersgegevens verzameld? Selecteer alle antwoorden die van toepassing zijn./Berichten van de ontwikkelaar
PSL_DATA_USAGE_RESPONSES:PSL_OTHER_MESSAGES:DATA_USAGE_COLLECTION_PURPOSE,PSL_FRAUD_PREVENTION_SECURITY,,MULTIPLE_CHOICE,"Gegevensgebruik en -verwerking (Andere in-app berichten)/Waarom worden deze gebruikersgegevens verzameld? Selecteer alle antwoorden die van toepassing zijn./Fraudepreventie, beveiliging en naleving"
PSL_DATA_USAGE_RESPONSES:PSL_OTHER_MESSAGES:DATA_USAGE_COLLECTION_PURPOSE,PSL_ADVERTISING,,MULTIPLE_CHOICE,Gegevensgebruik en -verwerking (Andere in-app berichten)/Waarom worden deze gebruikersgegevens verzameld? Selecteer alle antwoorden die van toepassing zijn./Advertenties of marketing
PSL_DATA_USAGE_RESPONSES:PSL_OTHER_MESSAGES:DATA_USAGE_COLLECTION_PURPOSE,PSL_PERSONALIZATION,,MULTIPLE_CHOICE,Gegevensgebruik en -verwerking (Andere in-app berichten)/Waarom worden deze gebruikersgegevens verzameld? Selecteer alle antwoorden die van toepassing zijn./Personalisatie
PSL_DATA_USAGE_RESPONSES:PSL_OTHER_MESSAGES:DATA_USAGE_COLLECTION_PURPOSE,PSL_ACCOUNT_MANAGEMENT,,MULTIPLE_CHOICE,Gegevensgebruik en -verwerking (Andere in-app berichten)/Waarom worden deze gebruikersgegevens verzameld? Selecteer alle antwoorden die van toepassing zijn./Accountbeheer
PSL_DATA_USAGE_RESPONSES:PSL_OTHER_MESSAGES:DATA_USAGE_SHARING_PURPOSE,PSL_APP_FUNCTIONALITY,,MULTIPLE_CHOICE,Gegevensgebruik en -verwerking (Andere in-app berichten)/Waarom worden deze gebruikersgegevens gedeeld? Selecteer alle antwoorden die van toepassing zijn./App-functionaliteit
PSL_DATA_USAGE_RESPONSES:PSL_OTHER_MESSAGES:DATA_USAGE_SHARING_PURPOSE,PSL_ANALYTICS,,MULTIPLE_CHOICE,Gegevensgebruik en -verwerking (Andere in-app berichten)/Waarom worden deze gebruikersgegevens gedeeld? Selecteer alle antwoorden die van toepassing zijn./Analyse
PSL_DATA_USAGE_RESPONSES:PSL_OTHER_MESSAGES:DATA_USAGE_SHARING_PURPOSE,PSL_DEVELOPER_COMMUNICATIONS,,MULTIPLE_CHOICE,Gegevensgebruik en -verwerking (Andere in-app berichten)/Waarom worden deze gebruikersgegevens gedeeld? Selecteer alle antwoorden die van toepassing zijn./Berichten van de ontwikkelaar
PSL_DATA_USAGE_RESPONSES:PSL_OTHER_MESSAGES:DATA_USAGE_SHARING_PURPOSE,PSL_FRAUD_PREVENTION_SECURITY,,MULTIPLE_CHOICE,"Gegevensgebruik en -verwerking (Andere in-app berichten)/Waarom worden deze gebruikersgegevens gedeeld? Selecteer alle antwoorden die van toepassing zijn./Fraudepreventie, beveiliging en naleving"
PSL_DATA_USAGE_RESPONSES:PSL_OTHER_MESSAGES:DATA_USAGE_SHARING_PURPOSE,PSL_ADVERTISING,,MULTIPLE_CHOICE,Gegevensgebruik en -verwerking (Andere in-app berichten)/Waarom worden deze gebruikersgegevens gedeeld? Selecteer alle antwoorden die van toepassing zijn./Advertenties of marketing
PSL_DATA_USAGE_RESPONSES:PSL_OTHER_MESSAGES:DATA_USAGE_SHARING_PURPOSE,PSL_PERSONALIZATION,,MULTIPLE_CHOICE,Gegevensgebruik en -verwerking (Andere in-app berichten)/Waarom worden deze gebruikersgegevens gedeeld? Selecteer alle antwoorden die van toepassing zijn./Personalisatie
PSL_DATA_USAGE_RESPONSES:PSL_OTHER_MESSAGES:DATA_USAGE_SHARING_PURPOSE,PSL_ACCOUNT_MANAGEMENT,,MULTIPLE_CHOICE,Gegevensgebruik en -verwerking (Andere in-app berichten)/Waarom worden deze gebruikersgegevens gedeeld? Selecteer alle antwoorden die van toepassing zijn./Accountbeheer
PSL_DATA_USAGE_RESPONSES:PSL_PHOTOS:PSL_DATA_USAGE_COLLECTION_AND_SHARING,PSL_DATA_USAGE_ONLY_COLLECTED,,MULTIPLE_CHOICE,"Gegevensgebruik en -verwerking (Foto's)/Worden deze gegevens verzameld, gedeeld of allebei?/Verzameld"
PSL_DATA_USAGE_RESPONSES:PSL_PHOTOS:PSL_DATA_USAGE_COLLECTION_AND_SHARING,PSL_DATA_USAGE_ONLY_SHARED,,MULTIPLE_CHOICE,"Gegevensgebruik en -verwerking (Foto's)/Worden deze gegevens verzameld, gedeeld of allebei?/Gedeeld"
PSL_DATA_USAGE_RESPONSES:PSL_PHOTOS:PSL_DATA_USAGE_EPHEMERAL,,,MAYBE_REQUIRED,Gegevensgebruik en -verwerking (Foto's)/Worden deze gegevens kortstondig verwerkt?
PSL_DATA_USAGE_RESPONSES:PSL_PHOTOS:DATA_USAGE_USER_CONTROL,PSL_DATA_USAGE_USER_CONTROL_OPTIONAL,,SINGLE_CHOICE,Gegevensgebruik en -verwerking (Foto's)/Zijn deze gegevens vereist voor je app en kunnen gebruikers kiezen of deze worden verzameld?/Gebruikers kunnen kiezen of deze gegevens worden verzameld
PSL_DATA_USAGE_RESPONSES:PSL_PHOTOS:DATA_USAGE_USER_CONTROL,PSL_DATA_USAGE_USER_CONTROL_REQUIRED,,SINGLE_CHOICE,Gegevensgebruik en -verwerking (Foto's)/Zijn deze gegevens vereist voor je app en kunnen gebruikers kiezen of deze worden verzameld?/Gegevensverzameling is vereist (gebruikers kunnen deze gegevensverzameling niet uitzetten)
PSL_DATA_USAGE_RESPONSES:PSL_PHOTOS:DATA_USAGE_COLLECTION_PURPOSE,PSL_APP_FUNCTIONALITY,,MULTIPLE_CHOICE,Gegevensgebruik en -verwerking (Foto's)/Waarom worden deze gebruikersgegevens verzameld? Selecteer alle antwoorden die van toepassing zijn./App-functionaliteit
PSL_DATA_USAGE_RESPONSES:PSL_PHOTOS:DATA_USAGE_COLLECTION_PURPOSE,PSL_ANALYTICS,,MULTIPLE_CHOICE,Gegevensgebruik en -verwerking (Foto's)/Waarom worden deze gebruikersgegevens verzameld? Selecteer alle antwoorden die van toepassing zijn./Analyse
PSL_DATA_USAGE_RESPONSES:PSL_PHOTOS:DATA_USAGE_COLLECTION_PURPOSE,PSL_DEVELOPER_COMMUNICATIONS,,MULTIPLE_CHOICE,Gegevensgebruik en -verwerking (Foto's)/Waarom worden deze gebruikersgegevens verzameld? Selecteer alle antwoorden die van toepassing zijn./Berichten van de ontwikkelaar
PSL_DATA_USAGE_RESPONSES:PSL_PHOTOS:DATA_USAGE_COLLECTION_PURPOSE,PSL_FRAUD_PREVENTION_SECURITY,,MULTIPLE_CHOICE,"Gegevensgebruik en -verwerking (Foto's)/Waarom worden deze gebruikersgegevens verzameld? Selecteer alle antwoorden die van toepassing zijn./Fraudepreventie, beveiliging en naleving"
PSL_DATA_USAGE_RESPONSES:PSL_PHOTOS:DATA_USAGE_COLLECTION_PURPOSE,PSL_ADVERTISING,,MULTIPLE_CHOICE,Gegevensgebruik en -verwerking (Foto's)/Waarom worden deze gebruikersgegevens verzameld? Selecteer alle antwoorden die van toepassing zijn./Advertenties of marketing
PSL_DATA_USAGE_RESPONSES:PSL_PHOTOS:DATA_USAGE_COLLECTION_PURPOSE,PSL_PERSONALIZATION,,MULTIPLE_CHOICE,Gegevensgebruik en -verwerking (Foto's)/Waarom worden deze gebruikersgegevens verzameld? Selecteer alle antwoorden die van toepassing zijn./Personalisatie
PSL_DATA_USAGE_RESPONSES:PSL_PHOTOS:DATA_USAGE_COLLECTION_PURPOSE,PSL_ACCOUNT_MANAGEMENT,,MULTIPLE_CHOICE,Gegevensgebruik en -verwerking (Foto's)/Waarom worden deze gebruikersgegevens verzameld? Selecteer alle antwoorden die van toepassing zijn./Accountbeheer
PSL_DATA_USAGE_RESPONSES:PSL_PHOTOS:DATA_USAGE_SHARING_PURPOSE,PSL_APP_FUNCTIONALITY,,MULTIPLE_CHOICE,Gegevensgebruik en -verwerking (Foto's)/Waarom worden deze gebruikersgegevens gedeeld? Selecteer alle antwoorden die van toepassing zijn./App-functionaliteit
PSL_DATA_USAGE_RESPONSES:PSL_PHOTOS:DATA_USAGE_SHARING_PURPOSE,PSL_ANALYTICS,,MULTIPLE_CHOICE,Gegevensgebruik en -verwerking (Foto's)/Waarom worden deze gebruikersgegevens gedeeld? Selecteer alle antwoorden die van toepassing zijn./Analyse
PSL_DATA_USAGE_RESPONSES:PSL_PHOTOS:DATA_USAGE_SHARING_PURPOSE,PSL_DEVELOPER_COMMUNICATIONS,,MULTIPLE_CHOICE,Gegevensgebruik en -verwerking (Foto's)/Waarom worden deze gebruikersgegevens gedeeld? Selecteer alle antwoorden die van toepassing zijn./Berichten van de ontwikkelaar
PSL_DATA_USAGE_RESPONSES:PSL_PHOTOS:DATA_USAGE_SHARING_PURPOSE,PSL_FRAUD_PREVENTION_SECURITY,,MULTIPLE_CHOICE,"Gegevensgebruik en -verwerking (Foto's)/Waarom worden deze gebruikersgegevens gedeeld? Selecteer alle antwoorden die van toepassing zijn./Fraudepreventie, beveiliging en naleving"
PSL_DATA_USAGE_RESPONSES:PSL_PHOTOS:DATA_USAGE_SHARING_PURPOSE,PSL_ADVERTISING,,MULTIPLE_CHOICE,Gegevensgebruik en -verwerking (Foto's)/Waarom worden deze gebruikersgegevens gedeeld? Selecteer alle antwoorden die van toepassing zijn./Advertenties of marketing
PSL_DATA_USAGE_RESPONSES:PSL_PHOTOS:DATA_USAGE_SHARING_PURPOSE,PSL_PERSONALIZATION,,MULTIPLE_CHOICE,Gegevensgebruik en -verwerking (Foto's)/Waarom worden deze gebruikersgegevens gedeeld? Selecteer alle antwoorden die van toepassing zijn./Personalisatie
PSL_DATA_USAGE_RESPONSES:PSL_PHOTOS:DATA_USAGE_SHARING_PURPOSE,PSL_ACCOUNT_MANAGEMENT,,MULTIPLE_CHOICE,Gegevensgebruik en -verwerking (Foto's)/Waarom worden deze gebruikersgegevens gedeeld? Selecteer alle antwoorden die van toepassing zijn./Accountbeheer
PSL_DATA_USAGE_RESPONSES:PSL_VIDEOS:PSL_DATA_USAGE_COLLECTION_AND_SHARING,PSL_DATA_USAGE_ONLY_COLLECTED,,MULTIPLE_CHOICE,"Gegevensgebruik en -verwerking (Video's)/Worden deze gegevens verzameld, gedeeld of allebei?/Verzameld"
PSL_DATA_USAGE_RESPONSES:PSL_VIDEOS:PSL_DATA_USAGE_COLLECTION_AND_SHARING,PSL_DATA_USAGE_ONLY_SHARED,,MULTIPLE_CHOICE,"Gegevensgebruik en -verwerking (Video's)/Worden deze gegevens verzameld, gedeeld of allebei?/Gedeeld"
PSL_DATA_USAGE_RESPONSES:PSL_VIDEOS:PSL_DATA_USAGE_EPHEMERAL,,,MAYBE_REQUIRED,Gegevensgebruik en -verwerking (Video's)/Worden deze gegevens kortstondig verwerkt?
PSL_DATA_USAGE_RESPONSES:PSL_VIDEOS:DATA_USAGE_USER_CONTROL,PSL_DATA_USAGE_USER_CONTROL_OPTIONAL,,SINGLE_CHOICE,Gegevensgebruik en -verwerking (Video's)/Zijn deze gegevens vereist voor je app en kunnen gebruikers kiezen of deze worden verzameld?/Gebruikers kunnen kiezen of deze gegevens worden verzameld
PSL_DATA_USAGE_RESPONSES:PSL_VIDEOS:DATA_USAGE_USER_CONTROL,PSL_DATA_USAGE_USER_CONTROL_REQUIRED,,SINGLE_CHOICE,Gegevensgebruik en -verwerking (Video's)/Zijn deze gegevens vereist voor je app en kunnen gebruikers kiezen of deze worden verzameld?/Gegevensverzameling is vereist (gebruikers kunnen deze gegevensverzameling niet uitzetten)
PSL_DATA_USAGE_RESPONSES:PSL_VIDEOS:DATA_USAGE_COLLECTION_PURPOSE,PSL_APP_FUNCTIONALITY,,MULTIPLE_CHOICE,Gegevensgebruik en -verwerking (Video's)/Waarom worden deze gebruikersgegevens verzameld? Selecteer alle antwoorden die van toepassing zijn./App-functionaliteit
PSL_DATA_USAGE_RESPONSES:PSL_VIDEOS:DATA_USAGE_COLLECTION_PURPOSE,PSL_ANALYTICS,,MULTIPLE_CHOICE,Gegevensgebruik en -verwerking (Video's)/Waarom worden deze gebruikersgegevens verzameld? Selecteer alle antwoorden die van toepassing zijn./Analyse
PSL_DATA_USAGE_RESPONSES:PSL_VIDEOS:DATA_USAGE_COLLECTION_PURPOSE,PSL_DEVELOPER_COMMUNICATIONS,,MULTIPLE_CHOICE,Gegevensgebruik en -verwerking (Video's)/Waarom worden deze gebruikersgegevens verzameld? Selecteer alle antwoorden die van toepassing zijn./Berichten van de ontwikkelaar
PSL_DATA_USAGE_RESPONSES:PSL_VIDEOS:DATA_USAGE_COLLECTION_PURPOSE,PSL_FRAUD_PREVENTION_SECURITY,,MULTIPLE_CHOICE,"Gegevensgebruik en -verwerking (Video's)/Waarom worden deze gebruikersgegevens verzameld? Selecteer alle antwoorden die van toepassing zijn./Fraudepreventie, beveiliging en naleving"
PSL_DATA_USAGE_RESPONSES:PSL_VIDEOS:DATA_USAGE_COLLECTION_PURPOSE,PSL_ADVERTISING,,MULTIPLE_CHOICE,Gegevensgebruik en -verwerking (Video's)/Waarom worden deze gebruikersgegevens verzameld? Selecteer alle antwoorden die van toepassing zijn./Advertenties of marketing
PSL_DATA_USAGE_RESPONSES:PSL_VIDEOS:DATA_USAGE_COLLECTION_PURPOSE,PSL_PERSONALIZATION,,MULTIPLE_CHOICE,Gegevensgebruik en -verwerking (Video's)/Waarom worden deze gebruikersgegevens verzameld? Selecteer alle antwoorden die van toepassing zijn./Personalisatie
PSL_DATA_USAGE_RESPONSES:PSL_VIDEOS:DATA_USAGE_COLLECTION_PURPOSE,PSL_ACCOUNT_MANAGEMENT,,MULTIPLE_CHOICE,Gegevensgebruik en -verwerking (Video's)/Waarom worden deze gebruikersgegevens verzameld? Selecteer alle antwoorden die van toepassing zijn./Accountbeheer
PSL_DATA_USAGE_RESPONSES:PSL_VIDEOS:DATA_USAGE_SHARING_PURPOSE,PSL_APP_FUNCTIONALITY,,MULTIPLE_CHOICE,Gegevensgebruik en -verwerking (Video's)/Waarom worden deze gebruikersgegevens gedeeld? Selecteer alle antwoorden die van toepassing zijn./App-functionaliteit
PSL_DATA_USAGE_RESPONSES:PSL_VIDEOS:DATA_USAGE_SHARING_PURPOSE,PSL_ANALYTICS,,MULTIPLE_CHOICE,Gegevensgebruik en -verwerking (Video's)/Waarom worden deze gebruikersgegevens gedeeld? Selecteer alle antwoorden die van toepassing zijn./Analyse
PSL_DATA_USAGE_RESPONSES:PSL_VIDEOS:DATA_USAGE_SHARING_PURPOSE,PSL_DEVELOPER_COMMUNICATIONS,,MULTIPLE_CHOICE,Gegevensgebruik en -verwerking (Video's)/Waarom worden deze gebruikersgegevens gedeeld? Selecteer alle antwoorden die van toepassing zijn./Berichten van de ontwikkelaar
PSL_DATA_USAGE_RESPONSES:PSL_VIDEOS:DATA_USAGE_SHARING_PURPOSE,PSL_FRAUD_PREVENTION_SECURITY,,MULTIPLE_CHOICE,"Gegevensgebruik en -verwerking (Video's)/Waarom worden deze gebruikersgegevens gedeeld? Selecteer alle antwoorden die van toepassing zijn./Fraudepreventie, beveiliging en naleving"
PSL_DATA_USAGE_RESPONSES:PSL_VIDEOS:DATA_USAGE_SHARING_PURPOSE,PSL_ADVERTISING,,MULTIPLE_CHOICE,Gegevensgebruik en -verwerking (Video's)/Waarom worden deze gebruikersgegevens gedeeld? Selecteer alle antwoorden die van toepassing zijn./Advertenties of marketing
PSL_DATA_USAGE_RESPONSES:PSL_VIDEOS:DATA_USAGE_SHARING_PURPOSE,PSL_PERSONALIZATION,,MULTIPLE_CHOICE,Gegevensgebruik en -verwerking (Video's)/Waarom worden deze gebruikersgegevens gedeeld? Selecteer alle antwoorden die van toepassing zijn./Personalisatie
PSL_DATA_USAGE_RESPONSES:PSL_VIDEOS:DATA_USAGE_SHARING_PURPOSE,PSL_ACCOUNT_MANAGEMENT,,MULTIPLE_CHOICE,Gegevensgebruik en -verwerking (Video's)/Waarom worden deze gebruikersgegevens gedeeld? Selecteer alle antwoorden die van toepassing zijn./Accountbeheer
PSL_DATA_USAGE_RESPONSES:PSL_AUDIO:PSL_DATA_USAGE_COLLECTION_AND_SHARING,PSL_DATA_USAGE_ONLY_COLLECTED,true,MULTIPLE_CHOICE,"Gegevensgebruik en -verwerking (Spraak- of geluidsopnamen)/Worden deze gegevens verzameld, gedeeld of allebei?/Verzameld"
PSL_DATA_USAGE_RESPONSES:PSL_AUDIO:PSL_DATA_USAGE_COLLECTION_AND_SHARING,PSL_DATA_USAGE_ONLY_SHARED,,MULTIPLE_CHOICE,"Gegevensgebruik en -verwerking (Spraak- of geluidsopnamen)/Worden deze gegevens verzameld, gedeeld of allebei?/Gedeeld"
PSL_DATA_USAGE_RESPONSES:PSL_AUDIO:PSL_DATA_USAGE_EPHEMERAL,,true,MAYBE_REQUIRED,Gegevensgebruik en -verwerking (Spraak- of geluidsopnamen)/Worden deze gegevens kortstondig verwerkt?
PSL_DATA_USAGE_RESPONSES:PSL_AUDIO:DATA_USAGE_USER_CONTROL,PSL_DATA_USAGE_USER_CONTROL_OPTIONAL,true,SINGLE_CHOICE,Gegevensgebruik en -verwerking (Spraak- of geluidsopnamen)/Zijn deze gegevens vereist voor je app en kunnen gebruikers kiezen of deze worden verzameld?/Gebruikers kunnen kiezen of deze gegevens worden verzameld
PSL_DATA_USAGE_RESPONSES:PSL_AUDIO:DATA_USAGE_USER_CONTROL,PSL_DATA_USAGE_USER_CONTROL_REQUIRED,,SINGLE_CHOICE,Gegevensgebruik en -verwerking (Spraak- of geluidsopnamen)/Zijn deze gegevens vereist voor je app en kunnen gebruikers kiezen of deze worden verzameld?/Gegevensverzameling is vereist (gebruikers kunnen deze gegevensverzameling niet uitzetten)
PSL_DATA_USAGE_RESPONSES:PSL_AUDIO:DATA_USAGE_COLLECTION_PURPOSE,PSL_APP_FUNCTIONALITY,true,MULTIPLE_CHOICE,Gegevensgebruik en -verwerking (Spraak- of geluidsopnamen)/Waarom worden deze gebruikersgegevens verzameld? Selecteer alle antwoorden die van toepassing zijn./App-functionaliteit
PSL_DATA_USAGE_RESPONSES:PSL_AUDIO:DATA_USAGE_COLLECTION_PURPOSE,PSL_ANALYTICS,,MULTIPLE_CHOICE,Gegevensgebruik en -verwerking (Spraak- of geluidsopnamen)/Waarom worden deze gebruikersgegevens verzameld? Selecteer alle antwoorden die van toepassing zijn./Analyse
PSL_DATA_USAGE_RESPONSES:PSL_AUDIO:DATA_USAGE_COLLECTION_PURPOSE,PSL_DEVELOPER_COMMUNICATIONS,,MULTIPLE_CHOICE,Gegevensgebruik en -verwerking (Spraak- of geluidsopnamen)/Waarom worden deze gebruikersgegevens verzameld? Selecteer alle antwoorden die van toepassing zijn./Berichten van de ontwikkelaar
PSL_DATA_USAGE_RESPONSES:PSL_AUDIO:DATA_USAGE_COLLECTION_PURPOSE,PSL_FRAUD_PREVENTION_SECURITY,,MULTIPLE_CHOICE,"Gegevensgebruik en -verwerking (Spraak- of geluidsopnamen)/Waarom worden deze gebruikersgegevens verzameld? Selecteer alle antwoorden die van toepassing zijn./Fraudepreventie, beveiliging en naleving"
PSL_DATA_USAGE_RESPONSES:PSL_AUDIO:DATA_USAGE_COLLECTION_PURPOSE,PSL_ADVERTISING,,MULTIPLE_CHOICE,Gegevensgebruik en -verwerking (Spraak- of geluidsopnamen)/Waarom worden deze gebruikersgegevens verzameld? Selecteer alle antwoorden die van toepassing zijn./Advertenties of marketing
PSL_DATA_USAGE_RESPONSES:PSL_AUDIO:DATA_USAGE_COLLECTION_PURPOSE,PSL_PERSONALIZATION,,MULTIPLE_CHOICE,Gegevensgebruik en -verwerking (Spraak- of geluidsopnamen)/Waarom worden deze gebruikersgegevens verzameld? Selecteer alle antwoorden die van toepassing zijn./Personalisatie
PSL_DATA_USAGE_RESPONSES:PSL_AUDIO:DATA_USAGE_COLLECTION_PURPOSE,PSL_ACCOUNT_MANAGEMENT,,MULTIPLE_CHOICE,Gegevensgebruik en -verwerking (Spraak- of geluidsopnamen)/Waarom worden deze gebruikersgegevens verzameld? Selecteer alle antwoorden die van toepassing zijn./Accountbeheer
PSL_DATA_USAGE_RESPONSES:PSL_AUDIO:DATA_USAGE_SHARING_PURPOSE,PSL_APP_FUNCTIONALITY,,MULTIPLE_CHOICE,Gegevensgebruik en -verwerking (Spraak- of geluidsopnamen)/Waarom worden deze gebruikersgegevens gedeeld? Selecteer alle antwoorden die van toepassing zijn./App-functionaliteit
PSL_DATA_USAGE_RESPONSES:PSL_AUDIO:DATA_USAGE_SHARING_PURPOSE,PSL_ANALYTICS,,MULTIPLE_CHOICE,Gegevensgebruik en -verwerking (Spraak- of geluidsopnamen)/Waarom worden deze gebruikersgegevens gedeeld? Selecteer alle antwoorden die van toepassing zijn./Analyse
PSL_DATA_USAGE_RESPONSES:PSL_AUDIO:DATA_USAGE_SHARING_PURPOSE,PSL_DEVELOPER_COMMUNICATIONS,,MULTIPLE_CHOICE,Gegevensgebruik en -verwerking (Spraak- of geluidsopnamen)/Waarom worden deze gebruikersgegevens gedeeld? Selecteer alle antwoorden die van toepassing zijn./Berichten van de ontwikkelaar
PSL_DATA_USAGE_RESPONSES:PSL_AUDIO:DATA_USAGE_SHARING_PURPOSE,PSL_FRAUD_PREVENTION_SECURITY,,MULTIPLE_CHOICE,"Gegevensgebruik en -verwerking (Spraak- of geluidsopnamen)/Waarom worden deze gebruikersgegevens gedeeld? Selecteer alle antwoorden die van toepassing zijn./Fraudepreventie, beveiliging en naleving"
PSL_DATA_USAGE_RESPONSES:PSL_AUDIO:DATA_USAGE_SHARING_PURPOSE,PSL_ADVERTISING,,MULTIPLE_CHOICE,Gegevensgebruik en -verwerking (Spraak- of geluidsopnamen)/Waarom worden deze gebruikersgegevens gedeeld? Selecteer alle antwoorden die van toepassing zijn./Advertenties of marketing
PSL_DATA_USAGE_RESPONSES:PSL_AUDIO:DATA_USAGE_SHARING_PURPOSE,PSL_PERSONALIZATION,,MULTIPLE_CHOICE,Gegevensgebruik en -verwerking (Spraak- of geluidsopnamen)/Waarom worden deze gebruikersgegevens gedeeld? Selecteer alle antwoorden die van toepassing zijn./Personalisatie
PSL_DATA_USAGE_RESPONSES:PSL_AUDIO:DATA_USAGE_SHARING_PURPOSE,PSL_ACCOUNT_MANAGEMENT,,MULTIPLE_CHOICE,Gegevensgebruik en -verwerking (Spraak- of geluidsopnamen)/Waarom worden deze gebruikersgegevens gedeeld? Selecteer alle antwoorden die van toepassing zijn./Accountbeheer
PSL_DATA_USAGE_RESPONSES:PSL_MUSIC:PSL_DATA_USAGE_COLLECTION_AND_SHARING,PSL_DATA_USAGE_ONLY_COLLECTED,,MULTIPLE_CHOICE,"Gegevensgebruik en -verwerking (Muziekbestanden)/Worden deze gegevens verzameld, gedeeld of allebei?/Verzameld"
PSL_DATA_USAGE_RESPONSES:PSL_MUSIC:PSL_DATA_USAGE_COLLECTION_AND_SHARING,PSL_DATA_USAGE_ONLY_SHARED,,MULTIPLE_CHOICE,"Gegevensgebruik en -verwerking (Muziekbestanden)/Worden deze gegevens verzameld, gedeeld of allebei?/Gedeeld"
PSL_DATA_USAGE_RESPONSES:PSL_MUSIC:PSL_DATA_USAGE_EPHEMERAL,,,MAYBE_REQUIRED,Gegevensgebruik en -verwerking (Muziekbestanden)/Worden deze gegevens kortstondig verwerkt?
PSL_DATA_USAGE_RESPONSES:PSL_MUSIC:DATA_USAGE_USER_CONTROL,PSL_DATA_USAGE_USER_CONTROL_OPTIONAL,,SINGLE_CHOICE,Gegevensgebruik en -verwerking (Muziekbestanden)/Zijn deze gegevens vereist voor je app en kunnen gebruikers kiezen of deze worden verzameld?/Gebruikers kunnen kiezen of deze gegevens worden verzameld
PSL_DATA_USAGE_RESPONSES:PSL_MUSIC:DATA_USAGE_USER_CONTROL,PSL_DATA_USAGE_USER_CONTROL_REQUIRED,,SINGLE_CHOICE,Gegevensgebruik en -verwerking (Muziekbestanden)/Zijn deze gegevens vereist voor je app en kunnen gebruikers kiezen of deze worden verzameld?/Gegevensverzameling is vereist (gebruikers kunnen deze gegevensverzameling niet uitzetten)
PSL_DATA_USAGE_RESPONSES:PSL_MUSIC:DATA_USAGE_COLLECTION_PURPOSE,PSL_APP_FUNCTIONALITY,,MULTIPLE_CHOICE,Gegevensgebruik en -verwerking (Muziekbestanden)/Waarom worden deze gebruikersgegevens verzameld? Selecteer alle antwoorden die van toepassing zijn./App-functionaliteit
PSL_DATA_USAGE_RESPONSES:PSL_MUSIC:DATA_USAGE_COLLECTION_PURPOSE,PSL_ANALYTICS,,MULTIPLE_CHOICE,Gegevensgebruik en -verwerking (Muziekbestanden)/Waarom worden deze gebruikersgegevens verzameld? Selecteer alle antwoorden die van toepassing zijn./Analyse
PSL_DATA_USAGE_RESPONSES:PSL_MUSIC:DATA_USAGE_COLLECTION_PURPOSE,PSL_DEVELOPER_COMMUNICATIONS,,MULTIPLE_CHOICE,Gegevensgebruik en -verwerking (Muziekbestanden)/Waarom worden deze gebruikersgegevens verzameld? Selecteer alle antwoorden die van toepassing zijn./Berichten van de ontwikkelaar
PSL_DATA_USAGE_RESPONSES:PSL_MUSIC:DATA_USAGE_COLLECTION_PURPOSE,PSL_FRAUD_PREVENTION_SECURITY,,MULTIPLE_CHOICE,"Gegevensgebruik en -verwerking (Muziekbestanden)/Waarom worden deze gebruikersgegevens verzameld? Selecteer alle antwoorden die van toepassing zijn./Fraudepreventie, beveiliging en naleving"
PSL_DATA_USAGE_RESPONSES:PSL_MUSIC:DATA_USAGE_COLLECTION_PURPOSE,PSL_ADVERTISING,,MULTIPLE_CHOICE,Gegevensgebruik en -verwerking (Muziekbestanden)/Waarom worden deze gebruikersgegevens verzameld? Selecteer alle antwoorden die van toepassing zijn./Advertenties of marketing
PSL_DATA_USAGE_RESPONSES:PSL_MUSIC:DATA_USAGE_COLLECTION_PURPOSE,PSL_PERSONALIZATION,,MULTIPLE_CHOICE,Gegevensgebruik en -verwerking (Muziekbestanden)/Waarom worden deze gebruikersgegevens verzameld? Selecteer alle antwoorden die van toepassing zijn./Personalisatie
PSL_DATA_USAGE_RESPONSES:PSL_MUSIC:DATA_USAGE_COLLECTION_PURPOSE,PSL_ACCOUNT_MANAGEMENT,,MULTIPLE_CHOICE,Gegevensgebruik en -verwerking (Muziekbestanden)/Waarom worden deze gebruikersgegevens verzameld? Selecteer alle antwoorden die van toepassing zijn./Accountbeheer
PSL_DATA_USAGE_RESPONSES:PSL_MUSIC:DATA_USAGE_SHARING_PURPOSE,PSL_APP_FUNCTIONALITY,,MULTIPLE_CHOICE,Gegevensgebruik en -verwerking (Muziekbestanden)/Waarom worden deze gebruikersgegevens gedeeld? Selecteer alle antwoorden die van toepassing zijn./App-functionaliteit
PSL_DATA_USAGE_RESPONSES:PSL_MUSIC:DATA_USAGE_SHARING_PURPOSE,PSL_ANALYTICS,,MULTIPLE_CHOICE,Gegevensgebruik en -verwerking (Muziekbestanden)/Waarom worden deze gebruikersgegevens gedeeld? Selecteer alle antwoorden die van toepassing zijn./Analyse
PSL_DATA_USAGE_RESPONSES:PSL_MUSIC:DATA_USAGE_SHARING_PURPOSE,PSL_DEVELOPER_COMMUNICATIONS,,MULTIPLE_CHOICE,Gegevensgebruik en -verwerking (Muziekbestanden)/Waarom worden deze gebruikersgegevens gedeeld? Selecteer alle antwoorden die van toepassing zijn./Berichten van de ontwikkelaar
PSL_DATA_USAGE_RESPONSES:PSL_MUSIC:DATA_USAGE_SHARING_PURPOSE,PSL_FRAUD_PREVENTION_SECURITY,,MULTIPLE_CHOICE,"Gegevensgebruik en -verwerking (Muziekbestanden)/Waarom worden deze gebruikersgegevens gedeeld? Selecteer alle antwoorden die van toepassing zijn./Fraudepreventie, beveiliging en naleving"
PSL_DATA_USAGE_RESPONSES:PSL_MUSIC:DATA_USAGE_SHARING_PURPOSE,PSL_ADVERTISING,,MULTIPLE_CHOICE,Gegevensgebruik en -verwerking (Muziekbestanden)/Waarom worden deze gebruikersgegevens gedeeld? Selecteer alle antwoorden die van toepassing zijn./Advertenties of marketing
PSL_DATA_USAGE_RESPONSES:PSL_MUSIC:DATA_USAGE_SHARING_PURPOSE,PSL_PERSONALIZATION,,MULTIPLE_CHOICE,Gegevensgebruik en -verwerking (Muziekbestanden)/Waarom worden deze gebruikersgegevens gedeeld? Selecteer alle antwoorden die van toepassing zijn./Personalisatie
PSL_DATA_USAGE_RESPONSES:PSL_MUSIC:DATA_USAGE_SHARING_PURPOSE,PSL_ACCOUNT_MANAGEMENT,,MULTIPLE_CHOICE,Gegevensgebruik en -verwerking (Muziekbestanden)/Waarom worden deze gebruikersgegevens gedeeld? Selecteer alle antwoorden die van toepassing zijn./Accountbeheer
PSL_DATA_USAGE_RESPONSES:PSL_OTHER_AUDIO:PSL_DATA_USAGE_COLLECTION_AND_SHARING,PSL_DATA_USAGE_ONLY_COLLECTED,,MULTIPLE_CHOICE,"Gegevensgebruik en -verwerking (Andere audiobestanden)/Worden deze gegevens verzameld, gedeeld of allebei?/Verzameld"
PSL_DATA_USAGE_RESPONSES:PSL_OTHER_AUDIO:PSL_DATA_USAGE_COLLECTION_AND_SHARING,PSL_DATA_USAGE_ONLY_SHARED,,MULTIPLE_CHOICE,"Gegevensgebruik en -verwerking (Andere audiobestanden)/Worden deze gegevens verzameld, gedeeld of allebei?/Gedeeld"
PSL_DATA_USAGE_RESPONSES:PSL_OTHER_AUDIO:PSL_DATA_USAGE_EPHEMERAL,,,MAYBE_REQUIRED,Gegevensgebruik en -verwerking (Andere audiobestanden)/Worden deze gegevens kortstondig verwerkt?
PSL_DATA_USAGE_RESPONSES:PSL_OTHER_AUDIO:DATA_USAGE_USER_CONTROL,PSL_DATA_USAGE_USER_CONTROL_OPTIONAL,,SINGLE_CHOICE,Gegevensgebruik en -verwerking (Andere audiobestanden)/Zijn deze gegevens vereist voor je app en kunnen gebruikers kiezen of deze worden verzameld?/Gebruikers kunnen kiezen of deze gegevens worden verzameld
PSL_DATA_USAGE_RESPONSES:PSL_OTHER_AUDIO:DATA_USAGE_USER_CONTROL,PSL_DATA_USAGE_USER_CONTROL_REQUIRED,,SINGLE_CHOICE,Gegevensgebruik en -verwerking (Andere audiobestanden)/Zijn deze gegevens vereist voor je app en kunnen gebruikers kiezen of deze worden verzameld?/Gegevensverzameling is vereist (gebruikers kunnen deze gegevensverzameling niet uitzetten)
PSL_DATA_USAGE_RESPONSES:PSL_OTHER_AUDIO:DATA_USAGE_COLLECTION_PURPOSE,PSL_APP_FUNCTIONALITY,,MULTIPLE_CHOICE,Gegevensgebruik en -verwerking (Andere audiobestanden)/Waarom worden deze gebruikersgegevens verzameld? Selecteer alle antwoorden die van toepassing zijn./App-functionaliteit
PSL_DATA_USAGE_RESPONSES:PSL_OTHER_AUDIO:DATA_USAGE_COLLECTION_PURPOSE,PSL_ANALYTICS,,MULTIPLE_CHOICE,Gegevensgebruik en -verwerking (Andere audiobestanden)/Waarom worden deze gebruikersgegevens verzameld? Selecteer alle antwoorden die van toepassing zijn./Analyse
PSL_DATA_USAGE_RESPONSES:PSL_OTHER_AUDIO:DATA_USAGE_COLLECTION_PURPOSE,PSL_DEVELOPER_COMMUNICATIONS,,MULTIPLE_CHOICE,Gegevensgebruik en -verwerking (Andere audiobestanden)/Waarom worden deze gebruikersgegevens verzameld? Selecteer alle antwoorden die van toepassing zijn./Berichten van de ontwikkelaar
PSL_DATA_USAGE_RESPONSES:PSL_OTHER_AUDIO:DATA_USAGE_COLLECTION_PURPOSE,PSL_FRAUD_PREVENTION_SECURITY,,MULTIPLE_CHOICE,"Gegevensgebruik en -verwerking (Andere audiobestanden)/Waarom worden deze gebruikersgegevens verzameld? Selecteer alle antwoorden die van toepassing zijn./Fraudepreventie, beveiliging en naleving"
PSL_DATA_USAGE_RESPONSES:PSL_OTHER_AUDIO:DATA_USAGE_COLLECTION_PURPOSE,PSL_ADVERTISING,,MULTIPLE_CHOICE,Gegevensgebruik en -verwerking (Andere audiobestanden)/Waarom worden deze gebruikersgegevens verzameld? Selecteer alle antwoorden die van toepassing zijn./Advertenties of marketing
PSL_DATA_USAGE_RESPONSES:PSL_OTHER_AUDIO:DATA_USAGE_COLLECTION_PURPOSE,PSL_PERSONALIZATION,,MULTIPLE_CHOICE,Gegevensgebruik en -verwerking (Andere audiobestanden)/Waarom worden deze gebruikersgegevens verzameld? Selecteer alle antwoorden die van toepassing zijn./Personalisatie
PSL_DATA_USAGE_RESPONSES:PSL_OTHER_AUDIO:DATA_USAGE_COLLECTION_PURPOSE,PSL_ACCOUNT_MANAGEMENT,,MULTIPLE_CHOICE,Gegevensgebruik en -verwerking (Andere audiobestanden)/Waarom worden deze gebruikersgegevens verzameld? Selecteer alle antwoorden die van toepassing zijn./Accountbeheer
PSL_DATA_USAGE_RESPONSES:PSL_OTHER_AUDIO:DATA_USAGE_SHARING_PURPOSE,PSL_APP_FUNCTIONALITY,,MULTIPLE_CHOICE,Gegevensgebruik en -verwerking (Andere audiobestanden)/Waarom worden deze gebruikersgegevens gedeeld? Selecteer alle antwoorden die van toepassing zijn./App-functionaliteit
PSL_DATA_USAGE_RESPONSES:PSL_OTHER_AUDIO:DATA_USAGE_SHARING_PURPOSE,PSL_ANALYTICS,,MULTIPLE_CHOICE,Gegevensgebruik en -verwerking (Andere audiobestanden)/Waarom worden deze gebruikersgegevens gedeeld? Selecteer alle antwoorden die van toepassing zijn./Analyse
PSL_DATA_USAGE_RESPONSES:PSL_OTHER_AUDIO:DATA_USAGE_SHARING_PURPOSE,PSL_DEVELOPER_COMMUNICATIONS,,MULTIPLE_CHOICE,Gegevensgebruik en -verwerking (Andere audiobestanden)/Waarom worden deze gebruikersgegevens gedeeld? Selecteer alle antwoorden die van toepassing zijn./Berichten van de ontwikkelaar
PSL_DATA_USAGE_RESPONSES:PSL_OTHER_AUDIO:DATA_USAGE_SHARING_PURPOSE,PSL_FRAUD_PREVENTION_SECURITY,,MULTIPLE_CHOICE,"Gegevensgebruik en -verwerking (Andere audiobestanden)/Waarom worden deze gebruikersgegevens gedeeld? Selecteer alle antwoorden die van toepassing zijn./Fraudepreventie, beveiliging en naleving"
PSL_DATA_USAGE_RESPONSES:PSL_OTHER_AUDIO:DATA_USAGE_SHARING_PURPOSE,PSL_ADVERTISING,,MULTIPLE_CHOICE,Gegevensgebruik en -verwerking (Andere audiobestanden)/Waarom worden deze gebruikersgegevens gedeeld? Selecteer alle antwoorden die van toepassing zijn./Advertenties of marketing
PSL_DATA_USAGE_RESPONSES:PSL_OTHER_AUDIO:DATA_USAGE_SHARING_PURPOSE,PSL_PERSONALIZATION,,MULTIPLE_CHOICE,Gegevensgebruik en -verwerking (Andere audiobestanden)/Waarom worden deze gebruikersgegevens gedeeld? Selecteer alle antwoorden die van toepassing zijn./Personalisatie
PSL_DATA_USAGE_RESPONSES:PSL_OTHER_AUDIO:DATA_USAGE_SHARING_PURPOSE,PSL_ACCOUNT_MANAGEMENT,,MULTIPLE_CHOICE,Gegevensgebruik en -verwerking (Andere audiobestanden)/Waarom worden deze gebruikersgegevens gedeeld? Selecteer alle antwoorden die van toepassing zijn./Accountbeheer
PSL_DATA_USAGE_RESPONSES:PSL_HEALTH:PSL_DATA_USAGE_COLLECTION_AND_SHARING,PSL_DATA_USAGE_ONLY_COLLECTED,,MULTIPLE_CHOICE,"Gegevensgebruik en -verwerking (Medische informatie)/Worden deze gegevens verzameld, gedeeld of allebei?/Verzameld"
PSL_DATA_USAGE_RESPONSES:PSL_HEALTH:PSL_DATA_USAGE_COLLECTION_AND_SHARING,PSL_DATA_USAGE_ONLY_SHARED,,MULTIPLE_CHOICE,"Gegevensgebruik en -verwerking (Medische informatie)/Worden deze gegevens verzameld, gedeeld of allebei?/Gedeeld"
PSL_DATA_USAGE_RESPONSES:PSL_HEALTH:PSL_DATA_USAGE_EPHEMERAL,,,MAYBE_REQUIRED,Gegevensgebruik en -verwerking (Medische informatie)/Worden deze gegevens kortstondig verwerkt?
PSL_DATA_USAGE_RESPONSES:PSL_HEALTH:DATA_USAGE_USER_CONTROL,PSL_DATA_USAGE_USER_CONTROL_OPTIONAL,,SINGLE_CHOICE,Gegevensgebruik en -verwerking (Medische informatie)/Zijn deze gegevens vereist voor je app en kunnen gebruikers kiezen of deze worden verzameld?/Gebruikers kunnen kiezen of deze gegevens worden verzameld
PSL_DATA_USAGE_RESPONSES:PSL_HEALTH:DATA_USAGE_USER_CONTROL,PSL_DATA_USAGE_USER_CONTROL_REQUIRED,,SINGLE_CHOICE,Gegevensgebruik en -verwerking (Medische informatie)/Zijn deze gegevens vereist voor je app en kunnen gebruikers kiezen of deze worden verzameld?/Gegevensverzameling is vereist (gebruikers kunnen deze gegevensverzameling niet uitzetten)
PSL_DATA_USAGE_RESPONSES:PSL_HEALTH:DATA_USAGE_COLLECTION_PURPOSE,PSL_APP_FUNCTIONALITY,,MULTIPLE_CHOICE,Gegevensgebruik en -verwerking (Medische informatie)/Waarom worden deze gebruikersgegevens verzameld? Selecteer alle antwoorden die van toepassing zijn./App-functionaliteit
PSL_DATA_USAGE_RESPONSES:PSL_HEALTH:DATA_USAGE_COLLECTION_PURPOSE,PSL_ANALYTICS,,MULTIPLE_CHOICE,Gegevensgebruik en -verwerking (Medische informatie)/Waarom worden deze gebruikersgegevens verzameld? Selecteer alle antwoorden die van toepassing zijn./Analyse
PSL_DATA_USAGE_RESPONSES:PSL_HEALTH:DATA_USAGE_COLLECTION_PURPOSE,PSL_DEVELOPER_COMMUNICATIONS,,MULTIPLE_CHOICE,Gegevensgebruik en -verwerking (Medische informatie)/Waarom worden deze gebruikersgegevens verzameld? Selecteer alle antwoorden die van toepassing zijn./Berichten van de ontwikkelaar
PSL_DATA_USAGE_RESPONSES:PSL_HEALTH:DATA_USAGE_COLLECTION_PURPOSE,PSL_FRAUD_PREVENTION_SECURITY,,MULTIPLE_CHOICE,"Gegevensgebruik en -verwerking (Medische informatie)/Waarom worden deze gebruikersgegevens verzameld? Selecteer alle antwoorden die van toepassing zijn./Fraudepreventie, beveiliging en naleving"
PSL_DATA_USAGE_RESPONSES:PSL_HEALTH:DATA_USAGE_COLLECTION_PURPOSE,PSL_ADVERTISING,,MULTIPLE_CHOICE,Gegevensgebruik en -verwerking (Medische informatie)/Waarom worden deze gebruikersgegevens verzameld? Selecteer alle antwoorden die van toepassing zijn./Advertenties of marketing
PSL_DATA_USAGE_RESPONSES:PSL_HEALTH:DATA_USAGE_COLLECTION_PURPOSE,PSL_PERSONALIZATION,,MULTIPLE_CHOICE,Gegevensgebruik en -verwerking (Medische informatie)/Waarom worden deze gebruikersgegevens verzameld? Selecteer alle antwoorden die van toepassing zijn./Personalisatie
PSL_DATA_USAGE_RESPONSES:PSL_HEALTH:DATA_USAGE_COLLECTION_PURPOSE,PSL_ACCOUNT_MANAGEMENT,,MULTIPLE_CHOICE,Gegevensgebruik en -verwerking (Medische informatie)/Waarom worden deze gebruikersgegevens verzameld? Selecteer alle antwoorden die van toepassing zijn./Accountbeheer
PSL_DATA_USAGE_RESPONSES:PSL_HEALTH:DATA_USAGE_SHARING_PURPOSE,PSL_APP_FUNCTIONALITY,,MULTIPLE_CHOICE,Gegevensgebruik en -verwerking (Medische informatie)/Waarom worden deze gebruikersgegevens gedeeld? Selecteer alle antwoorden die van toepassing zijn./App-functionaliteit
PSL_DATA_USAGE_RESPONSES:PSL_HEALTH:DATA_USAGE_SHARING_PURPOSE,PSL_ANALYTICS,,MULTIPLE_CHOICE,Gegevensgebruik en -verwerking (Medische informatie)/Waarom worden deze gebruikersgegevens gedeeld? Selecteer alle antwoorden die van toepassing zijn./Analyse
PSL_DATA_USAGE_RESPONSES:PSL_HEALTH:DATA_USAGE_SHARING_PURPOSE,PSL_DEVELOPER_COMMUNICATIONS,,MULTIPLE_CHOICE,Gegevensgebruik en -verwerking (Medische informatie)/Waarom worden deze gebruikersgegevens gedeeld? Selecteer alle antwoorden die van toepassing zijn./Berichten van de ontwikkelaar
PSL_DATA_USAGE_RESPONSES:PSL_HEALTH:DATA_USAGE_SHARING_PURPOSE,PSL_FRAUD_PREVENTION_SECURITY,,MULTIPLE_CHOICE,"Gegevensgebruik en -verwerking (Medische informatie)/Waarom worden deze gebruikersgegevens gedeeld? Selecteer alle antwoorden die van toepassing zijn./Fraudepreventie, beveiliging en naleving"
PSL_DATA_USAGE_RESPONSES:PSL_HEALTH:DATA_USAGE_SHARING_PURPOSE,PSL_ADVERTISING,,MULTIPLE_CHOICE,Gegevensgebruik en -verwerking (Medische informatie)/Waarom worden deze gebruikersgegevens gedeeld? Selecteer alle antwoorden die van toepassing zijn./Advertenties of marketing
PSL_DATA_USAGE_RESPONSES:PSL_HEALTH:DATA_USAGE_SHARING_PURPOSE,PSL_PERSONALIZATION,,MULTIPLE_CHOICE,Gegevensgebruik en -verwerking (Medische informatie)/Waarom worden deze gebruikersgegevens gedeeld? Selecteer alle antwoorden die van toepassing zijn./Personalisatie
PSL_DATA_USAGE_RESPONSES:PSL_HEALTH:DATA_USAGE_SHARING_PURPOSE,PSL_ACCOUNT_MANAGEMENT,,MULTIPLE_CHOICE,Gegevensgebruik en -verwerking (Medische informatie)/Waarom worden deze gebruikersgegevens gedeeld? Selecteer alle antwoorden die van toepassing zijn./Accountbeheer
PSL_DATA_USAGE_RESPONSES:PSL_FITNESS:PSL_DATA_USAGE_COLLECTION_AND_SHARING,PSL_DATA_USAGE_ONLY_COLLECTED,,MULTIPLE_CHOICE,"Gegevensgebruik en -verwerking (Fitnessinformatie)/Worden deze gegevens verzameld, gedeeld of allebei?/Verzameld"
PSL_DATA_USAGE_RESPONSES:PSL_FITNESS:PSL_DATA_USAGE_COLLECTION_AND_SHARING,PSL_DATA_USAGE_ONLY_SHARED,,MULTIPLE_CHOICE,"Gegevensgebruik en -verwerking (Fitnessinformatie)/Worden deze gegevens verzameld, gedeeld of allebei?/Gedeeld"
PSL_DATA_USAGE_RESPONSES:PSL_FITNESS:PSL_DATA_USAGE_EPHEMERAL,,,MAYBE_REQUIRED,Gegevensgebruik en -verwerking (Fitnessinformatie)/Worden deze gegevens kortstondig verwerkt?
PSL_DATA_USAGE_RESPONSES:PSL_FITNESS:DATA_USAGE_USER_CONTROL,PSL_DATA_USAGE_USER_CONTROL_OPTIONAL,,SINGLE_CHOICE,Gegevensgebruik en -verwerking (Fitnessinformatie)/Zijn deze gegevens vereist voor je app en kunnen gebruikers kiezen of deze worden verzameld?/Gebruikers kunnen kiezen of deze gegevens worden verzameld
PSL_DATA_USAGE_RESPONSES:PSL_FITNESS:DATA_USAGE_USER_CONTROL,PSL_DATA_USAGE_USER_CONTROL_REQUIRED,,SINGLE_CHOICE,Gegevensgebruik en -verwerking (Fitnessinformatie)/Zijn deze gegevens vereist voor je app en kunnen gebruikers kiezen of deze worden verzameld?/Gegevensverzameling is vereist (gebruikers kunnen deze gegevensverzameling niet uitzetten)
PSL_DATA_USAGE_RESPONSES:PSL_FITNESS:DATA_USAGE_COLLECTION_PURPOSE,PSL_APP_FUNCTIONALITY,,MULTIPLE_CHOICE,Gegevensgebruik en -verwerking (Fitnessinformatie)/Waarom worden deze gebruikersgegevens verzameld? Selecteer alle antwoorden die van toepassing zijn./App-functionaliteit
PSL_DATA_USAGE_RESPONSES:PSL_FITNESS:DATA_USAGE_COLLECTION_PURPOSE,PSL_ANALYTICS,,MULTIPLE_CHOICE,Gegevensgebruik en -verwerking (Fitnessinformatie)/Waarom worden deze gebruikersgegevens verzameld? Selecteer alle antwoorden die van toepassing zijn./Analyse
PSL_DATA_USAGE_RESPONSES:PSL_FITNESS:DATA_USAGE_COLLECTION_PURPOSE,PSL_DEVELOPER_COMMUNICATIONS,,MULTIPLE_CHOICE,Gegevensgebruik en -verwerking (Fitnessinformatie)/Waarom worden deze gebruikersgegevens verzameld? Selecteer alle antwoorden die van toepassing zijn./Berichten van de ontwikkelaar
PSL_DATA_USAGE_RESPONSES:PSL_FITNESS:DATA_USAGE_COLLECTION_PURPOSE,PSL_FRAUD_PREVENTION_SECURITY,,MULTIPLE_CHOICE,"Gegevensgebruik en -verwerking (Fitnessinformatie)/Waarom worden deze gebruikersgegevens verzameld? Selecteer alle antwoorden die van toepassing zijn./Fraudepreventie, beveiliging en naleving"
PSL_DATA_USAGE_RESPONSES:PSL_FITNESS:DATA_USAGE_COLLECTION_PURPOSE,PSL_ADVERTISING,,MULTIPLE_CHOICE,Gegevensgebruik en -verwerking (Fitnessinformatie)/Waarom worden deze gebruikersgegevens verzameld? Selecteer alle antwoorden die van toepassing zijn./Advertenties of marketing
PSL_DATA_USAGE_RESPONSES:PSL_FITNESS:DATA_USAGE_COLLECTION_PURPOSE,PSL_PERSONALIZATION,,MULTIPLE_CHOICE,Gegevensgebruik en -verwerking (Fitnessinformatie)/Waarom worden deze gebruikersgegevens verzameld? Selecteer alle antwoorden die van toepassing zijn./Personalisatie
PSL_DATA_USAGE_RESPONSES:PSL_FITNESS:DATA_USAGE_COLLECTION_PURPOSE,PSL_ACCOUNT_MANAGEMENT,,MULTIPLE_CHOICE,Gegevensgebruik en -verwerking (Fitnessinformatie)/Waarom worden deze gebruikersgegevens verzameld? Selecteer alle antwoorden die van toepassing zijn./Accountbeheer
PSL_DATA_USAGE_RESPONSES:PSL_FITNESS:DATA_USAGE_SHARING_PURPOSE,PSL_APP_FUNCTIONALITY,,MULTIPLE_CHOICE,Gegevensgebruik en -verwerking (Fitnessinformatie)/Waarom worden deze gebruikersgegevens gedeeld? Selecteer alle antwoorden die van toepassing zijn./App-functionaliteit
PSL_DATA_USAGE_RESPONSES:PSL_FITNESS:DATA_USAGE_SHARING_PURPOSE,PSL_ANALYTICS,,MULTIPLE_CHOICE,Gegevensgebruik en -verwerking (Fitnessinformatie)/Waarom worden deze gebruikersgegevens gedeeld? Selecteer alle antwoorden die van toepassing zijn./Analyse
PSL_DATA_USAGE_RESPONSES:PSL_FITNESS:DATA_USAGE_SHARING_PURPOSE,PSL_DEVELOPER_COMMUNICATIONS,,MULTIPLE_CHOICE,Gegevensgebruik en -verwerking (Fitnessinformatie)/Waarom worden deze gebruikersgegevens gedeeld? Selecteer alle antwoorden die van toepassing zijn./Berichten van de ontwikkelaar
PSL_DATA_USAGE_RESPONSES:PSL_FITNESS:DATA_USAGE_SHARING_PURPOSE,PSL_FRAUD_PREVENTION_SECURITY,,MULTIPLE_CHOICE,"Gegevensgebruik en -verwerking (Fitnessinformatie)/Waarom worden deze gebruikersgegevens gedeeld? Selecteer alle antwoorden die van toepassing zijn./Fraudepreventie, beveiliging en naleving"
PSL_DATA_USAGE_RESPONSES:PSL_FITNESS:DATA_USAGE_SHARING_PURPOSE,PSL_ADVERTISING,,MULTIPLE_CHOICE,Gegevensgebruik en -verwerking (Fitnessinformatie)/Waarom worden deze gebruikersgegevens gedeeld? Selecteer alle antwoorden die van toepassing zijn./Advertenties of marketing
PSL_DATA_USAGE_RESPONSES:PSL_FITNESS:DATA_USAGE_SHARING_PURPOSE,PSL_PERSONALIZATION,,MULTIPLE_CHOICE,Gegevensgebruik en -verwerking (Fitnessinformatie)/Waarom worden deze gebruikersgegevens gedeeld? Selecteer alle antwoorden die van toepassing zijn./Personalisatie
PSL_DATA_USAGE_RESPONSES:PSL_FITNESS:DATA_USAGE_SHARING_PURPOSE,PSL_ACCOUNT_MANAGEMENT,,MULTIPLE_CHOICE,Gegevensgebruik en -verwerking (Fitnessinformatie)/Waarom worden deze gebruikersgegevens gedeeld? Selecteer alle antwoorden die van toepassing zijn./Accountbeheer
PSL_DATA_USAGE_RESPONSES:PSL_CONTACTS:PSL_DATA_USAGE_COLLECTION_AND_SHARING,PSL_DATA_USAGE_ONLY_COLLECTED,,MULTIPLE_CHOICE,"Gegevensgebruik en -verwerking (Contacten)/Worden deze gegevens verzameld, gedeeld of allebei?/Verzameld"
PSL_DATA_USAGE_RESPONSES:PSL_CONTACTS:PSL_DATA_USAGE_COLLECTION_AND_SHARING,PSL_DATA_USAGE_ONLY_SHARED,,MULTIPLE_CHOICE,"Gegevensgebruik en -verwerking (Contacten)/Worden deze gegevens verzameld, gedeeld of allebei?/Gedeeld"
PSL_DATA_USAGE_RESPONSES:PSL_CONTACTS:PSL_DATA_USAGE_EPHEMERAL,,,MAYBE_REQUIRED,Gegevensgebruik en -verwerking (Contacten)/Worden deze gegevens kortstondig verwerkt?
PSL_DATA_USAGE_RESPONSES:PSL_CONTACTS:DATA_USAGE_USER_CONTROL,PSL_DATA_USAGE_USER_CONTROL_OPTIONAL,,SINGLE_CHOICE,Gegevensgebruik en -verwerking (Contacten)/Zijn deze gegevens vereist voor je app en kunnen gebruikers kiezen of deze worden verzameld?/Gebruikers kunnen kiezen of deze gegevens worden verzameld
PSL_DATA_USAGE_RESPONSES:PSL_CONTACTS:DATA_USAGE_USER_CONTROL,PSL_DATA_USAGE_USER_CONTROL_REQUIRED,,SINGLE_CHOICE,Gegevensgebruik en -verwerking (Contacten)/Zijn deze gegevens vereist voor je app en kunnen gebruikers kiezen of deze worden verzameld?/Gegevensverzameling is vereist (gebruikers kunnen deze gegevensverzameling niet uitzetten)
PSL_DATA_USAGE_RESPONSES:PSL_CONTACTS:DATA_USAGE_COLLECTION_PURPOSE,PSL_APP_FUNCTIONALITY,,MULTIPLE_CHOICE,Gegevensgebruik en -verwerking (Contacten)/Waarom worden deze gebruikersgegevens verzameld? Selecteer alle antwoorden die van toepassing zijn./App-functionaliteit
PSL_DATA_USAGE_RESPONSES:PSL_CONTACTS:DATA_USAGE_COLLECTION_PURPOSE,PSL_ANALYTICS,,MULTIPLE_CHOICE,Gegevensgebruik en -verwerking (Contacten)/Waarom worden deze gebruikersgegevens verzameld? Selecteer alle antwoorden die van toepassing zijn./Analyse
PSL_DATA_USAGE_RESPONSES:PSL_CONTACTS:DATA_USAGE_COLLECTION_PURPOSE,PSL_DEVELOPER_COMMUNICATIONS,,MULTIPLE_CHOICE,Gegevensgebruik en -verwerking (Contacten)/Waarom worden deze gebruikersgegevens verzameld? Selecteer alle antwoorden die van toepassing zijn./Berichten van de ontwikkelaar
PSL_DATA_USAGE_RESPONSES:PSL_CONTACTS:DATA_USAGE_COLLECTION_PURPOSE,PSL_FRAUD_PREVENTION_SECURITY,,MULTIPLE_CHOICE,"Gegevensgebruik en -verwerking (Contacten)/Waarom worden deze gebruikersgegevens verzameld? Selecteer alle antwoorden die van toepassing zijn./Fraudepreventie, beveiliging en naleving"
PSL_DATA_USAGE_RESPONSES:PSL_CONTACTS:DATA_USAGE_COLLECTION_PURPOSE,PSL_ADVERTISING,,MULTIPLE_CHOICE,Gegevensgebruik en -verwerking (Contacten)/Waarom worden deze gebruikersgegevens verzameld? Selecteer alle antwoorden die van toepassing zijn./Advertenties of marketing
PSL_DATA_USAGE_RESPONSES:PSL_CONTACTS:DATA_USAGE_COLLECTION_PURPOSE,PSL_PERSONALIZATION,,MULTIPLE_CHOICE,Gegevensgebruik en -verwerking (Contacten)/Waarom worden deze gebruikersgegevens verzameld? Selecteer alle antwoorden die van toepassing zijn./Personalisatie
PSL_DATA_USAGE_RESPONSES:PSL_CONTACTS:DATA_USAGE_COLLECTION_PURPOSE,PSL_ACCOUNT_MANAGEMENT,,MULTIPLE_CHOICE,Gegevensgebruik en -verwerking (Contacten)/Waarom worden deze gebruikersgegevens verzameld? Selecteer alle antwoorden die van toepassing zijn./Accountbeheer
PSL_DATA_USAGE_RESPONSES:PSL_CONTACTS:DATA_USAGE_SHARING_PURPOSE,PSL_APP_FUNCTIONALITY,,MULTIPLE_CHOICE,Gegevensgebruik en -verwerking (Contacten)/Waarom worden deze gebruikersgegevens gedeeld? Selecteer alle antwoorden die van toepassing zijn./App-functionaliteit
PSL_DATA_USAGE_RESPONSES:PSL_CONTACTS:DATA_USAGE_SHARING_PURPOSE,PSL_ANALYTICS,,MULTIPLE_CHOICE,Gegevensgebruik en -verwerking (Contacten)/Waarom worden deze gebruikersgegevens gedeeld? Selecteer alle antwoorden die van toepassing zijn./Analyse
PSL_DATA_USAGE_RESPONSES:PSL_CONTACTS:DATA_USAGE_SHARING_PURPOSE,PSL_DEVELOPER_COMMUNICATIONS,,MULTIPLE_CHOICE,Gegevensgebruik en -verwerking (Contacten)/Waarom worden deze gebruikersgegevens gedeeld? Selecteer alle antwoorden die van toepassing zijn./Berichten van de ontwikkelaar
PSL_DATA_USAGE_RESPONSES:PSL_CONTACTS:DATA_USAGE_SHARING_PURPOSE,PSL_FRAUD_PREVENTION_SECURITY,,MULTIPLE_CHOICE,"Gegevensgebruik en -verwerking (Contacten)/Waarom worden deze gebruikersgegevens gedeeld? Selecteer alle antwoorden die van toepassing zijn./Fraudepreventie, beveiliging en naleving"
PSL_DATA_USAGE_RESPONSES:PSL_CONTACTS:DATA_USAGE_SHARING_PURPOSE,PSL_ADVERTISING,,MULTIPLE_CHOICE,Gegevensgebruik en -verwerking (Contacten)/Waarom worden deze gebruikersgegevens gedeeld? Selecteer alle antwoorden die van toepassing zijn./Advertenties of marketing
PSL_DATA_USAGE_RESPONSES:PSL_CONTACTS:DATA_USAGE_SHARING_PURPOSE,PSL_PERSONALIZATION,,MULTIPLE_CHOICE,Gegevensgebruik en -verwerking (Contacten)/Waarom worden deze gebruikersgegevens gedeeld? Selecteer alle antwoorden die van toepassing zijn./Personalisatie
PSL_DATA_USAGE_RESPONSES:PSL_CONTACTS:DATA_USAGE_SHARING_PURPOSE,PSL_ACCOUNT_MANAGEMENT,,MULTIPLE_CHOICE,Gegevensgebruik en -verwerking (Contacten)/Waarom worden deze gebruikersgegevens gedeeld? Selecteer alle antwoorden die van toepassing zijn./Accountbeheer
PSL_DATA_USAGE_RESPONSES:PSL_CALENDAR:PSL_DATA_USAGE_COLLECTION_AND_SHARING,PSL_DATA_USAGE_ONLY_COLLECTED,,MULTIPLE_CHOICE,"Gegevensgebruik en -verwerking (Agenda-afspraken)/Worden deze gegevens verzameld, gedeeld of allebei?/Verzameld"
PSL_DATA_USAGE_RESPONSES:PSL_CALENDAR:PSL_DATA_USAGE_COLLECTION_AND_SHARING,PSL_DATA_USAGE_ONLY_SHARED,,MULTIPLE_CHOICE,"Gegevensgebruik en -verwerking (Agenda-afspraken)/Worden deze gegevens verzameld, gedeeld of allebei?/Gedeeld"
PSL_DATA_USAGE_RESPONSES:PSL_CALENDAR:PSL_DATA_USAGE_EPHEMERAL,,,MAYBE_REQUIRED,Gegevensgebruik en -verwerking (Agenda-afspraken)/Worden deze gegevens kortstondig verwerkt?
PSL_DATA_USAGE_RESPONSES:PSL_CALENDAR:DATA_USAGE_USER_CONTROL,PSL_DATA_USAGE_USER_CONTROL_OPTIONAL,,SINGLE_CHOICE,Gegevensgebruik en -verwerking (Agenda-afspraken)/Zijn deze gegevens vereist voor je app en kunnen gebruikers kiezen of deze worden verzameld?/Gebruikers kunnen kiezen of deze gegevens worden verzameld
PSL_DATA_USAGE_RESPONSES:PSL_CALENDAR:DATA_USAGE_USER_CONTROL,PSL_DATA_USAGE_USER_CONTROL_REQUIRED,,SINGLE_CHOICE,Gegevensgebruik en -verwerking (Agenda-afspraken)/Zijn deze gegevens vereist voor je app en kunnen gebruikers kiezen of deze worden verzameld?/Gegevensverzameling is vereist (gebruikers kunnen deze gegevensverzameling niet uitzetten)
PSL_DATA_USAGE_RESPONSES:PSL_CALENDAR:DATA_USAGE_COLLECTION_PURPOSE,PSL_APP_FUNCTIONALITY,,MULTIPLE_CHOICE,Gegevensgebruik en -verwerking (Agenda-afspraken)/Waarom worden deze gebruikersgegevens verzameld? Selecteer alle antwoorden die van toepassing zijn./App-functionaliteit
PSL_DATA_USAGE_RESPONSES:PSL_CALENDAR:DATA_USAGE_COLLECTION_PURPOSE,PSL_ANALYTICS,,MULTIPLE_CHOICE,Gegevensgebruik en -verwerking (Agenda-afspraken)/Waarom worden deze gebruikersgegevens verzameld? Selecteer alle antwoorden die van toepassing zijn./Analyse
PSL_DATA_USAGE_RESPONSES:PSL_CALENDAR:DATA_USAGE_COLLECTION_PURPOSE,PSL_DEVELOPER_COMMUNICATIONS,,MULTIPLE_CHOICE,Gegevensgebruik en -verwerking (Agenda-afspraken)/Waarom worden deze gebruikersgegevens verzameld? Selecteer alle antwoorden die van toepassing zijn./Berichten van de ontwikkelaar
PSL_DATA_USAGE_RESPONSES:PSL_CALENDAR:DATA_USAGE_COLLECTION_PURPOSE,PSL_FRAUD_PREVENTION_SECURITY,,MULTIPLE_CHOICE,"Gegevensgebruik en -verwerking (Agenda-afspraken)/Waarom worden deze gebruikersgegevens verzameld? Selecteer alle antwoorden die van toepassing zijn./Fraudepreventie, beveiliging en naleving"
PSL_DATA_USAGE_RESPONSES:PSL_CALENDAR:DATA_USAGE_COLLECTION_PURPOSE,PSL_ADVERTISING,,MULTIPLE_CHOICE,Gegevensgebruik en -verwerking (Agenda-afspraken)/Waarom worden deze gebruikersgegevens verzameld? Selecteer alle antwoorden die van toepassing zijn./Advertenties of marketing
PSL_DATA_USAGE_RESPONSES:PSL_CALENDAR:DATA_USAGE_COLLECTION_PURPOSE,PSL_PERSONALIZATION,,MULTIPLE_CHOICE,Gegevensgebruik en -verwerking (Agenda-afspraken)/Waarom worden deze gebruikersgegevens verzameld? Selecteer alle antwoorden die van toepassing zijn./Personalisatie
PSL_DATA_USAGE_RESPONSES:PSL_CALENDAR:DATA_USAGE_COLLECTION_PURPOSE,PSL_ACCOUNT_MANAGEMENT,,MULTIPLE_CHOICE,Gegevensgebruik en -verwerking (Agenda-afspraken)/Waarom worden deze gebruikersgegevens verzameld? Selecteer alle antwoorden die van toepassing zijn./Accountbeheer
PSL_DATA_USAGE_RESPONSES:PSL_CALENDAR:DATA_USAGE_SHARING_PURPOSE,PSL_APP_FUNCTIONALITY,,MULTIPLE_CHOICE,Gegevensgebruik en -verwerking (Agenda-afspraken)/Waarom worden deze gebruikersgegevens gedeeld? Selecteer alle antwoorden die van toepassing zijn./App-functionaliteit
PSL_DATA_USAGE_RESPONSES:PSL_CALENDAR:DATA_USAGE_SHARING_PURPOSE,PSL_ANALYTICS,,MULTIPLE_CHOICE,Gegevensgebruik en -verwerking (Agenda-afspraken)/Waarom worden deze gebruikersgegevens gedeeld? Selecteer alle antwoorden die van toepassing zijn./Analyse
PSL_DATA_USAGE_RESPONSES:PSL_CALENDAR:DATA_USAGE_SHARING_PURPOSE,PSL_DEVELOPER_COMMUNICATIONS,,MULTIPLE_CHOICE,Gegevensgebruik en -verwerking (Agenda-afspraken)/Waarom worden deze gebruikersgegevens gedeeld? Selecteer alle antwoorden die van toepassing zijn./Berichten van de ontwikkelaar
PSL_DATA_USAGE_RESPONSES:PSL_CALENDAR:DATA_USAGE_SHARING_PURPOSE,PSL_FRAUD_PREVENTION_SECURITY,,MULTIPLE_CHOICE,"Gegevensgebruik en -verwerking (Agenda-afspraken)/Waarom worden deze gebruikersgegevens gedeeld? Selecteer alle antwoorden die van toepassing zijn./Fraudepreventie, beveiliging en naleving"
PSL_DATA_USAGE_RESPONSES:PSL_CALENDAR:DATA_USAGE_SHARING_PURPOSE,PSL_ADVERTISING,,MULTIPLE_CHOICE,Gegevensgebruik en -verwerking (Agenda-afspraken)/Waarom worden deze gebruikersgegevens gedeeld? Selecteer alle antwoorden die van toepassing zijn./Advertenties of marketing
PSL_DATA_USAGE_RESPONSES:PSL_CALENDAR:DATA_USAGE_SHARING_PURPOSE,PSL_PERSONALIZATION,,MULTIPLE_CHOICE,Gegevensgebruik en -verwerking (Agenda-afspraken)/Waarom worden deze gebruikersgegevens gedeeld? Selecteer alle antwoorden die van toepassing zijn./Personalisatie
PSL_DATA_USAGE_RESPONSES:PSL_CALENDAR:DATA_USAGE_SHARING_PURPOSE,PSL_ACCOUNT_MANAGEMENT,,MULTIPLE_CHOICE,Gegevensgebruik en -verwerking (Agenda-afspraken)/Waarom worden deze gebruikersgegevens gedeeld? Selecteer alle antwoorden die van toepassing zijn./Accountbeheer
PSL_DATA_USAGE_RESPONSES:PSL_CRASH_LOGS:PSL_DATA_USAGE_COLLECTION_AND_SHARING,PSL_DATA_USAGE_ONLY_COLLECTED,,MULTIPLE_CHOICE,"Gegevensgebruik en -verwerking (Crashlogboeken)/Worden deze gegevens verzameld, gedeeld of allebei?/Verzameld"
PSL_DATA_USAGE_RESPONSES:PSL_CRASH_LOGS:PSL_DATA_USAGE_COLLECTION_AND_SHARING,PSL_DATA_USAGE_ONLY_SHARED,,MULTIPLE_CHOICE,"Gegevensgebruik en -verwerking (Crashlogboeken)/Worden deze gegevens verzameld, gedeeld of allebei?/Gedeeld"
PSL_DATA_USAGE_RESPONSES:PSL_CRASH_LOGS:PSL_DATA_USAGE_EPHEMERAL,,,MAYBE_REQUIRED,Gegevensgebruik en -verwerking (Crashlogboeken)/Worden deze gegevens kortstondig verwerkt?
PSL_DATA_USAGE_RESPONSES:PSL_CRASH_LOGS:DATA_USAGE_USER_CONTROL,PSL_DATA_USAGE_USER_CONTROL_OPTIONAL,,SINGLE_CHOICE,Gegevensgebruik en -verwerking (Crashlogboeken)/Zijn deze gegevens vereist voor je app en kunnen gebruikers kiezen of deze worden verzameld?/Gebruikers kunnen kiezen of deze gegevens worden verzameld
PSL_DATA_USAGE_RESPONSES:PSL_CRASH_LOGS:DATA_USAGE_USER_CONTROL,PSL_DATA_USAGE_USER_CONTROL_REQUIRED,,SINGLE_CHOICE,Gegevensgebruik en -verwerking (Crashlogboeken)/Zijn deze gegevens vereist voor je app en kunnen gebruikers kiezen of deze worden verzameld?/Gegevensverzameling is vereist (gebruikers kunnen deze gegevensverzameling niet uitzetten)
PSL_DATA_USAGE_RESPONSES:PSL_CRASH_LOGS:DATA_USAGE_COLLECTION_PURPOSE,PSL_APP_FUNCTIONALITY,,MULTIPLE_CHOICE,Gegevensgebruik en -verwerking (Crashlogboeken)/Waarom worden deze gebruikersgegevens verzameld? Selecteer alle antwoorden die van toepassing zijn./App-functionaliteit
PSL_DATA_USAGE_RESPONSES:PSL_CRASH_LOGS:DATA_USAGE_COLLECTION_PURPOSE,PSL_ANALYTICS,,MULTIPLE_CHOICE,Gegevensgebruik en -verwerking (Crashlogboeken)/Waarom worden deze gebruikersgegevens verzameld? Selecteer alle antwoorden die van toepassing zijn./Analyse
PSL_DATA_USAGE_RESPONSES:PSL_CRASH_LOGS:DATA_USAGE_COLLECTION_PURPOSE,PSL_DEVELOPER_COMMUNICATIONS,,MULTIPLE_CHOICE,Gegevensgebruik en -verwerking (Crashlogboeken)/Waarom worden deze gebruikersgegevens verzameld? Selecteer alle antwoorden die van toepassing zijn./Berichten van de ontwikkelaar
PSL_DATA_USAGE_RESPONSES:PSL_CRASH_LOGS:DATA_USAGE_COLLECTION_PURPOSE,PSL_FRAUD_PREVENTION_SECURITY,,MULTIPLE_CHOICE,"Gegevensgebruik en -verwerking (Crashlogboeken)/Waarom worden deze gebruikersgegevens verzameld? Selecteer alle antwoorden die van toepassing zijn./Fraudepreventie, beveiliging en naleving"
PSL_DATA_USAGE_RESPONSES:PSL_CRASH_LOGS:DATA_USAGE_COLLECTION_PURPOSE,PSL_ADVERTISING,,MULTIPLE_CHOICE,Gegevensgebruik en -verwerking (Crashlogboeken)/Waarom worden deze gebruikersgegevens verzameld? Selecteer alle antwoorden die van toepassing zijn./Advertenties of marketing
PSL_DATA_USAGE_RESPONSES:PSL_CRASH_LOGS:DATA_USAGE_COLLECTION_PURPOSE,PSL_PERSONALIZATION,,MULTIPLE_CHOICE,Gegevensgebruik en -verwerking (Crashlogboeken)/Waarom worden deze gebruikersgegevens verzameld? Selecteer alle antwoorden die van toepassing zijn./Personalisatie
PSL_DATA_USAGE_RESPONSES:PSL_CRASH_LOGS:DATA_USAGE_COLLECTION_PURPOSE,PSL_ACCOUNT_MANAGEMENT,,MULTIPLE_CHOICE,Gegevensgebruik en -verwerking (Crashlogboeken)/Waarom worden deze gebruikersgegevens verzameld? Selecteer alle antwoorden die van toepassing zijn./Accountbeheer
PSL_DATA_USAGE_RESPONSES:PSL_CRASH_LOGS:DATA_USAGE_SHARING_PURPOSE,PSL_APP_FUNCTIONALITY,,MULTIPLE_CHOICE,Gegevensgebruik en -verwerking (Crashlogboeken)/Waarom worden deze gebruikersgegevens gedeeld? Selecteer alle antwoorden die van toepassing zijn./App-functionaliteit
PSL_DATA_USAGE_RESPONSES:PSL_CRASH_LOGS:DATA_USAGE_SHARING_PURPOSE,PSL_ANALYTICS,,MULTIPLE_CHOICE,Gegevensgebruik en -verwerking (Crashlogboeken)/Waarom worden deze gebruikersgegevens gedeeld? Selecteer alle antwoorden die van toepassing zijn./Analyse
PSL_DATA_USAGE_RESPONSES:PSL_CRASH_LOGS:DATA_USAGE_SHARING_PURPOSE,PSL_DEVELOPER_COMMUNICATIONS,,MULTIPLE_CHOICE,Gegevensgebruik en -verwerking (Crashlogboeken)/Waarom worden deze gebruikersgegevens gedeeld? Selecteer alle antwoorden die van toepassing zijn./Berichten van de ontwikkelaar
PSL_DATA_USAGE_RESPONSES:PSL_CRASH_LOGS:DATA_USAGE_SHARING_PURPOSE,PSL_FRAUD_PREVENTION_SECURITY,,MULTIPLE_CHOICE,"Gegevensgebruik en -verwerking (Crashlogboeken)/Waarom worden deze gebruikersgegevens gedeeld? Selecteer alle antwoorden die van toepassing zijn./Fraudepreventie, beveiliging en naleving"
PSL_DATA_USAGE_RESPONSES:PSL_CRASH_LOGS:DATA_USAGE_SHARING_PURPOSE,PSL_ADVERTISING,,MULTIPLE_CHOICE,Gegevensgebruik en -verwerking (Crashlogboeken)/Waarom worden deze gebruikersgegevens gedeeld? Selecteer alle antwoorden die van toepassing zijn./Advertenties of marketing
PSL_DATA_USAGE_RESPONSES:PSL_CRASH_LOGS:DATA_USAGE_SHARING_PURPOSE,PSL_PERSONALIZATION,,MULTIPLE_CHOICE,Gegevensgebruik en -verwerking (Crashlogboeken)/Waarom worden deze gebruikersgegevens gedeeld? Selecteer alle antwoorden die van toepassing zijn./Personalisatie
PSL_DATA_USAGE_RESPONSES:PSL_CRASH_LOGS:DATA_USAGE_SHARING_PURPOSE,PSL_ACCOUNT_MANAGEMENT,,MULTIPLE_CHOICE,Gegevensgebruik en -verwerking (Crashlogboeken)/Waarom worden deze gebruikersgegevens gedeeld? Selecteer alle antwoorden die van toepassing zijn./Accountbeheer
PSL_DATA_USAGE_RESPONSES:PSL_PERFORMANCE_DIAGNOSTICS:PSL_DATA_USAGE_COLLECTION_AND_SHARING,PSL_DATA_USAGE_ONLY_COLLECTED,,MULTIPLE_CHOICE,"Gegevensgebruik en -verwerking (Diagnostische gegevens)/Worden deze gegevens verzameld, gedeeld of allebei?/Verzameld"
PSL_DATA_USAGE_RESPONSES:PSL_PERFORMANCE_DIAGNOSTICS:PSL_DATA_USAGE_COLLECTION_AND_SHARING,PSL_DATA_USAGE_ONLY_SHARED,,MULTIPLE_CHOICE,"Gegevensgebruik en -verwerking (Diagnostische gegevens)/Worden deze gegevens verzameld, gedeeld of allebei?/Gedeeld"
PSL_DATA_USAGE_RESPONSES:PSL_PERFORMANCE_DIAGNOSTICS:PSL_DATA_USAGE_EPHEMERAL,,,MAYBE_REQUIRED,Gegevensgebruik en -verwerking (Diagnostische gegevens)/Worden deze gegevens kortstondig verwerkt?
PSL_DATA_USAGE_RESPONSES:PSL_PERFORMANCE_DIAGNOSTICS:DATA_USAGE_USER_CONTROL,PSL_DATA_USAGE_USER_CONTROL_OPTIONAL,,SINGLE_CHOICE,Gegevensgebruik en -verwerking (Diagnostische gegevens)/Zijn deze gegevens vereist voor je app en kunnen gebruikers kiezen of deze worden verzameld?/Gebruikers kunnen kiezen of deze gegevens worden verzameld
PSL_DATA_USAGE_RESPONSES:PSL_PERFORMANCE_DIAGNOSTICS:DATA_USAGE_USER_CONTROL,PSL_DATA_USAGE_USER_CONTROL_REQUIRED,,SINGLE_CHOICE,Gegevensgebruik en -verwerking (Diagnostische gegevens)/Zijn deze gegevens vereist voor je app en kunnen gebruikers kiezen of deze worden verzameld?/Gegevensverzameling is vereist (gebruikers kunnen deze gegevensverzameling niet uitzetten)
PSL_DATA_USAGE_RESPONSES:PSL_PERFORMANCE_DIAGNOSTICS:DATA_USAGE_COLLECTION_PURPOSE,PSL_APP_FUNCTIONALITY,,MULTIPLE_CHOICE,Gegevensgebruik en -verwerking (Diagnostische gegevens)/Waarom worden deze gebruikersgegevens verzameld? Selecteer alle antwoorden die van toepassing zijn./App-functionaliteit
PSL_DATA_USAGE_RESPONSES:PSL_PERFORMANCE_DIAGNOSTICS:DATA_USAGE_COLLECTION_PURPOSE,PSL_ANALYTICS,,MULTIPLE_CHOICE,Gegevensgebruik en -verwerking (Diagnostische gegevens)/Waarom worden deze gebruikersgegevens verzameld? Selecteer alle antwoorden die van toepassing zijn./Analyse
PSL_DATA_USAGE_RESPONSES:PSL_PERFORMANCE_DIAGNOSTICS:DATA_USAGE_COLLECTION_PURPOSE,PSL_DEVELOPER_COMMUNICATIONS,,MULTIPLE_CHOICE,Gegevensgebruik en -verwerking (Diagnostische gegevens)/Waarom worden deze gebruikersgegevens verzameld? Selecteer alle antwoorden die van toepassing zijn./Berichten van de ontwikkelaar
PSL_DATA_USAGE_RESPONSES:PSL_PERFORMANCE_DIAGNOSTICS:DATA_USAGE_COLLECTION_PURPOSE,PSL_FRAUD_PREVENTION_SECURITY,,MULTIPLE_CHOICE,"Gegevensgebruik en -verwerking (Diagnostische gegevens)/Waarom worden deze gebruikersgegevens verzameld? Selecteer alle antwoorden die van toepassing zijn./Fraudepreventie, beveiliging en naleving"
PSL_DATA_USAGE_RESPONSES:PSL_PERFORMANCE_DIAGNOSTICS:DATA_USAGE_COLLECTION_PURPOSE,PSL_ADVERTISING,,MULTIPLE_CHOICE,Gegevensgebruik en -verwerking (Diagnostische gegevens)/Waarom worden deze gebruikersgegevens verzameld? Selecteer alle antwoorden die van toepassing zijn./Advertenties of marketing
PSL_DATA_USAGE_RESPONSES:PSL_PERFORMANCE_DIAGNOSTICS:DATA_USAGE_COLLECTION_PURPOSE,PSL_PERSONALIZATION,,MULTIPLE_CHOICE,Gegevensgebruik en -verwerking (Diagnostische gegevens)/Waarom worden deze gebruikersgegevens verzameld? Selecteer alle antwoorden die van toepassing zijn./Personalisatie
PSL_DATA_USAGE_RESPONSES:PSL_PERFORMANCE_DIAGNOSTICS:DATA_USAGE_COLLECTION_PURPOSE,PSL_ACCOUNT_MANAGEMENT,,MULTIPLE_CHOICE,Gegevensgebruik en -verwerking (Diagnostische gegevens)/Waarom worden deze gebruikersgegevens verzameld? Selecteer alle antwoorden die van toepassing zijn./Accountbeheer
PSL_DATA_USAGE_RESPONSES:PSL_PERFORMANCE_DIAGNOSTICS:DATA_USAGE_SHARING_PURPOSE,PSL_APP_FUNCTIONALITY,,MULTIPLE_CHOICE,Gegevensgebruik en -verwerking (Diagnostische gegevens)/Waarom worden deze gebruikersgegevens gedeeld? Selecteer alle antwoorden die van toepassing zijn./App-functionaliteit
PSL_DATA_USAGE_RESPONSES:PSL_PERFORMANCE_DIAGNOSTICS:DATA_USAGE_SHARING_PURPOSE,PSL_ANALYTICS,,MULTIPLE_CHOICE,Gegevensgebruik en -verwerking (Diagnostische gegevens)/Waarom worden deze gebruikersgegevens gedeeld? Selecteer alle antwoorden die van toepassing zijn./Analyse
PSL_DATA_USAGE_RESPONSES:PSL_PERFORMANCE_DIAGNOSTICS:DATA_USAGE_SHARING_PURPOSE,PSL_DEVELOPER_COMMUNICATIONS,,MULTIPLE_CHOICE,Gegevensgebruik en -verwerking (Diagnostische gegevens)/Waarom worden deze gebruikersgegevens gedeeld? Selecteer alle antwoorden die van toepassing zijn./Berichten van de ontwikkelaar
PSL_DATA_USAGE_RESPONSES:PSL_PERFORMANCE_DIAGNOSTICS:DATA_USAGE_SHARING_PURPOSE,PSL_FRAUD_PREVENTION_SECURITY,,MULTIPLE_CHOICE,"Gegevensgebruik en -verwerking (Diagnostische gegevens)/Waarom worden deze gebruikersgegevens gedeeld? Selecteer alle antwoorden die van toepassing zijn./Fraudepreventie, beveiliging en naleving"
PSL_DATA_USAGE_RESPONSES:PSL_PERFORMANCE_DIAGNOSTICS:DATA_USAGE_SHARING_PURPOSE,PSL_ADVERTISING,,MULTIPLE_CHOICE,Gegevensgebruik en -verwerking (Diagnostische gegevens)/Waarom worden deze gebruikersgegevens gedeeld? Selecteer alle antwoorden die van toepassing zijn./Advertenties of marketing
PSL_DATA_USAGE_RESPONSES:PSL_PERFORMANCE_DIAGNOSTICS:DATA_USAGE_SHARING_PURPOSE,PSL_PERSONALIZATION,,MULTIPLE_CHOICE,Gegevensgebruik en -verwerking (Diagnostische gegevens)/Waarom worden deze gebruikersgegevens gedeeld? Selecteer alle antwoorden die van toepassing zijn./Personalisatie
PSL_DATA_USAGE_RESPONSES:PSL_PERFORMANCE_DIAGNOSTICS:DATA_USAGE_SHARING_PURPOSE,PSL_ACCOUNT_MANAGEMENT,,MULTIPLE_CHOICE,Gegevensgebruik en -verwerking (Diagnostische gegevens)/Waarom worden deze gebruikersgegevens gedeeld? Selecteer alle antwoorden die van toepassing zijn./Accountbeheer
PSL_DATA_USAGE_RESPONSES:PSL_OTHER_PERFORMANCE:PSL_DATA_USAGE_COLLECTION_AND_SHARING,PSL_DATA_USAGE_ONLY_COLLECTED,,MULTIPLE_CHOICE,"Gegevensgebruik en -verwerking (Andere app-prestatiegegevens)/Worden deze gegevens verzameld, gedeeld of allebei?/Verzameld"
PSL_DATA_USAGE_RESPONSES:PSL_OTHER_PERFORMANCE:PSL_DATA_USAGE_COLLECTION_AND_SHARING,PSL_DATA_USAGE_ONLY_SHARED,,MULTIPLE_CHOICE,"Gegevensgebruik en -verwerking (Andere app-prestatiegegevens)/Worden deze gegevens verzameld, gedeeld of allebei?/Gedeeld"
PSL_DATA_USAGE_RESPONSES:PSL_OTHER_PERFORMANCE:PSL_DATA_USAGE_EPHEMERAL,,,MAYBE_REQUIRED,Gegevensgebruik en -verwerking (Andere app-prestatiegegevens)/Worden deze gegevens kortstondig verwerkt?
PSL_DATA_USAGE_RESPONSES:PSL_OTHER_PERFORMANCE:DATA_USAGE_USER_CONTROL,PSL_DATA_USAGE_USER_CONTROL_OPTIONAL,,SINGLE_CHOICE,Gegevensgebruik en -verwerking (Andere app-prestatiegegevens)/Zijn deze gegevens vereist voor je app en kunnen gebruikers kiezen of deze worden verzameld?/Gebruikers kunnen kiezen of deze gegevens worden verzameld
PSL_DATA_USAGE_RESPONSES:PSL_OTHER_PERFORMANCE:DATA_USAGE_USER_CONTROL,PSL_DATA_USAGE_USER_CONTROL_REQUIRED,,SINGLE_CHOICE,Gegevensgebruik en -verwerking (Andere app-prestatiegegevens)/Zijn deze gegevens vereist voor je app en kunnen gebruikers kiezen of deze worden verzameld?/Gegevensverzameling is vereist (gebruikers kunnen deze gegevensverzameling niet uitzetten)
PSL_DATA_USAGE_RESPONSES:PSL_OTHER_PERFORMANCE:DATA_USAGE_COLLECTION_PURPOSE,PSL_APP_FUNCTIONALITY,,MULTIPLE_CHOICE,Gegevensgebruik en -verwerking (Andere app-prestatiegegevens)/Waarom worden deze gebruikersgegevens verzameld? Selecteer alle antwoorden die van toepassing zijn./App-functionaliteit
PSL_DATA_USAGE_RESPONSES:PSL_OTHER_PERFORMANCE:DATA_USAGE_COLLECTION_PURPOSE,PSL_ANALYTICS,,MULTIPLE_CHOICE,Gegevensgebruik en -verwerking (Andere app-prestatiegegevens)/Waarom worden deze gebruikersgegevens verzameld? Selecteer alle antwoorden die van toepassing zijn./Analyse
PSL_DATA_USAGE_RESPONSES:PSL_OTHER_PERFORMANCE:DATA_USAGE_COLLECTION_PURPOSE,PSL_DEVELOPER_COMMUNICATIONS,,MULTIPLE_CHOICE,Gegevensgebruik en -verwerking (Andere app-prestatiegegevens)/Waarom worden deze gebruikersgegevens verzameld? Selecteer alle antwoorden die van toepassing zijn./Berichten van de ontwikkelaar
PSL_DATA_USAGE_RESPONSES:PSL_OTHER_PERFORMANCE:DATA_USAGE_COLLECTION_PURPOSE,PSL_FRAUD_PREVENTION_SECURITY,,MULTIPLE_CHOICE,"Gegevensgebruik en -verwerking (Andere app-prestatiegegevens)/Waarom worden deze gebruikersgegevens verzameld? Selecteer alle antwoorden die van toepassing zijn./Fraudepreventie, beveiliging en naleving"
PSL_DATA_USAGE_RESPONSES:PSL_OTHER_PERFORMANCE:DATA_USAGE_COLLECTION_PURPOSE,PSL_ADVERTISING,,MULTIPLE_CHOICE,Gegevensgebruik en -verwerking (Andere app-prestatiegegevens)/Waarom worden deze gebruikersgegevens verzameld? Selecteer alle antwoorden die van toepassing zijn./Advertenties of marketing
PSL_DATA_USAGE_RESPONSES:PSL_OTHER_PERFORMANCE:DATA_USAGE_COLLECTION_PURPOSE,PSL_PERSONALIZATION,,MULTIPLE_CHOICE,Gegevensgebruik en -verwerking (Andere app-prestatiegegevens)/Waarom worden deze gebruikersgegevens verzameld? Selecteer alle antwoorden die van toepassing zijn./Personalisatie
PSL_DATA_USAGE_RESPONSES:PSL_OTHER_PERFORMANCE:DATA_USAGE_COLLECTION_PURPOSE,PSL_ACCOUNT_MANAGEMENT,,MULTIPLE_CHOICE,Gegevensgebruik en -verwerking (Andere app-prestatiegegevens)/Waarom worden deze gebruikersgegevens verzameld? Selecteer alle antwoorden die van toepassing zijn./Accountbeheer
PSL_DATA_USAGE_RESPONSES:PSL_OTHER_PERFORMANCE:DATA_USAGE_SHARING_PURPOSE,PSL_APP_FUNCTIONALITY,,MULTIPLE_CHOICE,Gegevensgebruik en -verwerking (Andere app-prestatiegegevens)/Waarom worden deze gebruikersgegevens gedeeld? Selecteer alle antwoorden die van toepassing zijn./App-functionaliteit
PSL_DATA_USAGE_RESPONSES:PSL_OTHER_PERFORMANCE:DATA_USAGE_SHARING_PURPOSE,PSL_ANALYTICS,,MULTIPLE_CHOICE,Gegevensgebruik en -verwerking (Andere app-prestatiegegevens)/Waarom worden deze gebruikersgegevens gedeeld? Selecteer alle antwoorden die van toepassing zijn./Analyse
PSL_DATA_USAGE_RESPONSES:PSL_OTHER_PERFORMANCE:DATA_USAGE_SHARING_PURPOSE,PSL_DEVELOPER_COMMUNICATIONS,,MULTIPLE_CHOICE,Gegevensgebruik en -verwerking (Andere app-prestatiegegevens)/Waarom worden deze gebruikersgegevens gedeeld? Selecteer alle antwoorden die van toepassing zijn./Berichten van de ontwikkelaar
PSL_DATA_USAGE_RESPONSES:PSL_OTHER_PERFORMANCE:DATA_USAGE_SHARING_PURPOSE,PSL_FRAUD_PREVENTION_SECURITY,,MULTIPLE_CHOICE,"Gegevensgebruik en -verwerking (Andere app-prestatiegegevens)/Waarom worden deze gebruikersgegevens gedeeld? Selecteer alle antwoorden die van toepassing zijn./Fraudepreventie, beveiliging en naleving"
PSL_DATA_USAGE_RESPONSES:PSL_OTHER_PERFORMANCE:DATA_USAGE_SHARING_PURPOSE,PSL_ADVERTISING,,MULTIPLE_CHOICE,Gegevensgebruik en -verwerking (Andere app-prestatiegegevens)/Waarom worden deze gebruikersgegevens gedeeld? Selecteer alle antwoorden die van toepassing zijn./Advertenties of marketing
PSL_DATA_USAGE_RESPONSES:PSL_OTHER_PERFORMANCE:DATA_USAGE_SHARING_PURPOSE,PSL_PERSONALIZATION,,MULTIPLE_CHOICE,Gegevensgebruik en -verwerking (Andere app-prestatiegegevens)/Waarom worden deze gebruikersgegevens gedeeld? Selecteer alle antwoorden die van toepassing zijn./Personalisatie
PSL_DATA_USAGE_RESPONSES:PSL_OTHER_PERFORMANCE:DATA_USAGE_SHARING_PURPOSE,PSL_ACCOUNT_MANAGEMENT,,MULTIPLE_CHOICE,Gegevensgebruik en -verwerking (Andere app-prestatiegegevens)/Waarom worden deze gebruikersgegevens gedeeld? Selecteer alle antwoorden die van toepassing zijn./Accountbeheer
PSL_DATA_USAGE_RESPONSES:PSL_FILES_AND_DOCS:PSL_DATA_USAGE_COLLECTION_AND_SHARING,PSL_DATA_USAGE_ONLY_COLLECTED,,MULTIPLE_CHOICE,"Gegevensgebruik en -verwerking (Bestanden en documenten)/Worden deze gegevens verzameld, gedeeld of allebei?/Verzameld"
PSL_DATA_USAGE_RESPONSES:PSL_FILES_AND_DOCS:PSL_DATA_USAGE_COLLECTION_AND_SHARING,PSL_DATA_USAGE_ONLY_SHARED,,MULTIPLE_CHOICE,"Gegevensgebruik en -verwerking (Bestanden en documenten)/Worden deze gegevens verzameld, gedeeld of allebei?/Gedeeld"
PSL_DATA_USAGE_RESPONSES:PSL_FILES_AND_DOCS:PSL_DATA_USAGE_EPHEMERAL,,,MAYBE_REQUIRED,Gegevensgebruik en -verwerking (Bestanden en documenten)/Worden deze gegevens kortstondig verwerkt?
PSL_DATA_USAGE_RESPONSES:PSL_FILES_AND_DOCS:DATA_USAGE_USER_CONTROL,PSL_DATA_USAGE_USER_CONTROL_OPTIONAL,,SINGLE_CHOICE,Gegevensgebruik en -verwerking (Bestanden en documenten)/Zijn deze gegevens vereist voor je app en kunnen gebruikers kiezen of deze worden verzameld?/Gebruikers kunnen kiezen of deze gegevens worden verzameld
PSL_DATA_USAGE_RESPONSES:PSL_FILES_AND_DOCS:DATA_USAGE_USER_CONTROL,PSL_DATA_USAGE_USER_CONTROL_REQUIRED,,SINGLE_CHOICE,Gegevensgebruik en -verwerking (Bestanden en documenten)/Zijn deze gegevens vereist voor je app en kunnen gebruikers kiezen of deze worden verzameld?/Gegevensverzameling is vereist (gebruikers kunnen deze gegevensverzameling niet uitzetten)
PSL_DATA_USAGE_RESPONSES:PSL_FILES_AND_DOCS:DATA_USAGE_COLLECTION_PURPOSE,PSL_APP_FUNCTIONALITY,,MULTIPLE_CHOICE,Gegevensgebruik en -verwerking (Bestanden en documenten)/Waarom worden deze gebruikersgegevens verzameld? Selecteer alle antwoorden die van toepassing zijn./App-functionaliteit
PSL_DATA_USAGE_RESPONSES:PSL_FILES_AND_DOCS:DATA_USAGE_COLLECTION_PURPOSE,PSL_ANALYTICS,,MULTIPLE_CHOICE,Gegevensgebruik en -verwerking (Bestanden en documenten)/Waarom worden deze gebruikersgegevens verzameld? Selecteer alle antwoorden die van toepassing zijn./Analyse
PSL_DATA_USAGE_RESPONSES:PSL_FILES_AND_DOCS:DATA_USAGE_COLLECTION_PURPOSE,PSL_DEVELOPER_COMMUNICATIONS,,MULTIPLE_CHOICE,Gegevensgebruik en -verwerking (Bestanden en documenten)/Waarom worden deze gebruikersgegevens verzameld? Selecteer alle antwoorden die van toepassing zijn./Berichten van de ontwikkelaar
PSL_DATA_USAGE_RESPONSES:PSL_FILES_AND_DOCS:DATA_USAGE_COLLECTION_PURPOSE,PSL_FRAUD_PREVENTION_SECURITY,,MULTIPLE_CHOICE,"Gegevensgebruik en -verwerking (Bestanden en documenten)/Waarom worden deze gebruikersgegevens verzameld? Selecteer alle antwoorden die van toepassing zijn./Fraudepreventie, beveiliging en naleving"
PSL_DATA_USAGE_RESPONSES:PSL_FILES_AND_DOCS:DATA_USAGE_COLLECTION_PURPOSE,PSL_ADVERTISING,,MULTIPLE_CHOICE,Gegevensgebruik en -verwerking (Bestanden en documenten)/Waarom worden deze gebruikersgegevens verzameld? Selecteer alle antwoorden die van toepassing zijn./Advertenties of marketing
PSL_DATA_USAGE_RESPONSES:PSL_FILES_AND_DOCS:DATA_USAGE_COLLECTION_PURPOSE,PSL_PERSONALIZATION,,MULTIPLE_CHOICE,Gegevensgebruik en -verwerking (Bestanden en documenten)/Waarom worden deze gebruikersgegevens verzameld? Selecteer alle antwoorden die van toepassing zijn./Personalisatie
PSL_DATA_USAGE_RESPONSES:PSL_FILES_AND_DOCS:DATA_USAGE_COLLECTION_PURPOSE,PSL_ACCOUNT_MANAGEMENT,,MULTIPLE_CHOICE,Gegevensgebruik en -verwerking (Bestanden en documenten)/Waarom worden deze gebruikersgegevens verzameld? Selecteer alle antwoorden die van toepassing zijn./Accountbeheer
PSL_DATA_USAGE_RESPONSES:PSL_FILES_AND_DOCS:DATA_USAGE_SHARING_PURPOSE,PSL_APP_FUNCTIONALITY,,MULTIPLE_CHOICE,Gegevensgebruik en -verwerking (Bestanden en documenten)/Waarom worden deze gebruikersgegevens gedeeld? Selecteer alle antwoorden die van toepassing zijn./App-functionaliteit
PSL_DATA_USAGE_RESPONSES:PSL_FILES_AND_DOCS:DATA_USAGE_SHARING_PURPOSE,PSL_ANALYTICS,,MULTIPLE_CHOICE,Gegevensgebruik en -verwerking (Bestanden en documenten)/Waarom worden deze gebruikersgegevens gedeeld? Selecteer alle antwoorden die van toepassing zijn./Analyse
PSL_DATA_USAGE_RESPONSES:PSL_FILES_AND_DOCS:DATA_USAGE_SHARING_PURPOSE,PSL_DEVELOPER_COMMUNICATIONS,,MULTIPLE_CHOICE,Gegevensgebruik en -verwerking (Bestanden en documenten)/Waarom worden deze gebruikersgegevens gedeeld? Selecteer alle antwoorden die van toepassing zijn./Berichten van de ontwikkelaar
PSL_DATA_USAGE_RESPONSES:PSL_FILES_AND_DOCS:DATA_USAGE_SHARING_PURPOSE,PSL_FRAUD_PREVENTION_SECURITY,,MULTIPLE_CHOICE,"Gegevensgebruik en -verwerking (Bestanden en documenten)/Waarom worden deze gebruikersgegevens gedeeld? Selecteer alle antwoorden die van toepassing zijn./Fraudepreventie, beveiliging en naleving"
PSL_DATA_USAGE_RESPONSES:PSL_FILES_AND_DOCS:DATA_USAGE_SHARING_PURPOSE,PSL_ADVERTISING,,MULTIPLE_CHOICE,Gegevensgebruik en -verwerking (Bestanden en documenten)/Waarom worden deze gebruikersgegevens gedeeld? Selecteer alle antwoorden die van toepassing zijn./Advertenties of marketing
PSL_DATA_USAGE_RESPONSES:PSL_FILES_AND_DOCS:DATA_USAGE_SHARING_PURPOSE,PSL_PERSONALIZATION,,MULTIPLE_CHOICE,Gegevensgebruik en -verwerking (Bestanden en documenten)/Waarom worden deze gebruikersgegevens gedeeld? Selecteer alle antwoorden die van toepassing zijn./Personalisatie
PSL_DATA_USAGE_RESPONSES:PSL_FILES_AND_DOCS:DATA_USAGE_SHARING_PURPOSE,PSL_ACCOUNT_MANAGEMENT,,MULTIPLE_CHOICE,Gegevensgebruik en -verwerking (Bestanden en documenten)/Waarom worden deze gebruikersgegevens gedeeld? Selecteer alle antwoorden die van toepassing zijn./Accountbeheer
PSL_DATA_USAGE_RESPONSES:PSL_USER_INTERACTION:PSL_DATA_USAGE_COLLECTION_AND_SHARING,PSL_DATA_USAGE_ONLY_COLLECTED,,MULTIPLE_CHOICE,"Gegevensgebruik en -verwerking (App-interacties)/Worden deze gegevens verzameld, gedeeld of allebei?/Verzameld"
PSL_DATA_USAGE_RESPONSES:PSL_USER_INTERACTION:PSL_DATA_USAGE_COLLECTION_AND_SHARING,PSL_DATA_USAGE_ONLY_SHARED,,MULTIPLE_CHOICE,"Gegevensgebruik en -verwerking (App-interacties)/Worden deze gegevens verzameld, gedeeld of allebei?/Gedeeld"
PSL_DATA_USAGE_RESPONSES:PSL_USER_INTERACTION:PSL_DATA_USAGE_EPHEMERAL,,,MAYBE_REQUIRED,Gegevensgebruik en -verwerking (App-interacties)/Worden deze gegevens kortstondig verwerkt?
PSL_DATA_USAGE_RESPONSES:PSL_USER_INTERACTION:DATA_USAGE_USER_CONTROL,PSL_DATA_USAGE_USER_CONTROL_OPTIONAL,,SINGLE_CHOICE,Gegevensgebruik en -verwerking (App-interacties)/Zijn deze gegevens vereist voor je app en kunnen gebruikers kiezen of deze worden verzameld?/Gebruikers kunnen kiezen of deze gegevens worden verzameld
PSL_DATA_USAGE_RESPONSES:PSL_USER_INTERACTION:DATA_USAGE_USER_CONTROL,PSL_DATA_USAGE_USER_CONTROL_REQUIRED,,SINGLE_CHOICE,Gegevensgebruik en -verwerking (App-interacties)/Zijn deze gegevens vereist voor je app en kunnen gebruikers kiezen of deze worden verzameld?/Gegevensverzameling is vereist (gebruikers kunnen deze gegevensverzameling niet uitzetten)
PSL_DATA_USAGE_RESPONSES:PSL_USER_INTERACTION:DATA_USAGE_COLLECTION_PURPOSE,PSL_APP_FUNCTIONALITY,,MULTIPLE_CHOICE,Gegevensgebruik en -verwerking (App-interacties)/Waarom worden deze gebruikersgegevens verzameld? Selecteer alle antwoorden die van toepassing zijn./App-functionaliteit
PSL_DATA_USAGE_RESPONSES:PSL_USER_INTERACTION:DATA_USAGE_COLLECTION_PURPOSE,PSL_ANALYTICS,,MULTIPLE_CHOICE,Gegevensgebruik en -verwerking (App-interacties)/Waarom worden deze gebruikersgegevens verzameld? Selecteer alle antwoorden die van toepassing zijn./Analyse
PSL_DATA_USAGE_RESPONSES:PSL_USER_INTERACTION:DATA_USAGE_COLLECTION_PURPOSE,PSL_DEVELOPER_COMMUNICATIONS,,MULTIPLE_CHOICE,Gegevensgebruik en -verwerking (App-interacties)/Waarom worden deze gebruikersgegevens verzameld? Selecteer alle antwoorden die van toepassing zijn./Berichten van de ontwikkelaar
PSL_DATA_USAGE_RESPONSES:PSL_USER_INTERACTION:DATA_USAGE_COLLECTION_PURPOSE,PSL_FRAUD_PREVENTION_SECURITY,,MULTIPLE_CHOICE,"Gegevensgebruik en -verwerking (App-interacties)/Waarom worden deze gebruikersgegevens verzameld? Selecteer alle antwoorden die van toepassing zijn./Fraudepreventie, beveiliging en naleving"
PSL_DATA_USAGE_RESPONSES:PSL_USER_INTERACTION:DATA_USAGE_COLLECTION_PURPOSE,PSL_ADVERTISING,,MULTIPLE_CHOICE,Gegevensgebruik en -verwerking (App-interacties)/Waarom worden deze gebruikersgegevens verzameld? Selecteer alle antwoorden die van toepassing zijn./Advertenties of marketing
PSL_DATA_USAGE_RESPONSES:PSL_USER_INTERACTION:DATA_USAGE_COLLECTION_PURPOSE,PSL_PERSONALIZATION,,MULTIPLE_CHOICE,Gegevensgebruik en -verwerking (App-interacties)/Waarom worden deze gebruikersgegevens verzameld? Selecteer alle antwoorden die van toepassing zijn./Personalisatie
PSL_DATA_USAGE_RESPONSES:PSL_USER_INTERACTION:DATA_USAGE_COLLECTION_PURPOSE,PSL_ACCOUNT_MANAGEMENT,,MULTIPLE_CHOICE,Gegevensgebruik en -verwerking (App-interacties)/Waarom worden deze gebruikersgegevens verzameld? Selecteer alle antwoorden die van toepassing zijn./Accountbeheer
PSL_DATA_USAGE_RESPONSES:PSL_USER_INTERACTION:DATA_USAGE_SHARING_PURPOSE,PSL_APP_FUNCTIONALITY,,MULTIPLE_CHOICE,Gegevensgebruik en -verwerking (App-interacties)/Waarom worden deze gebruikersgegevens gedeeld? Selecteer alle antwoorden die van toepassing zijn./App-functionaliteit
PSL_DATA_USAGE_RESPONSES:PSL_USER_INTERACTION:DATA_USAGE_SHARING_PURPOSE,PSL_ANALYTICS,,MULTIPLE_CHOICE,Gegevensgebruik en -verwerking (App-interacties)/Waarom worden deze gebruikersgegevens gedeeld? Selecteer alle antwoorden die van toepassing zijn./Analyse
PSL_DATA_USAGE_RESPONSES:PSL_USER_INTERACTION:DATA_USAGE_SHARING_PURPOSE,PSL_DEVELOPER_COMMUNICATIONS,,MULTIPLE_CHOICE,Gegevensgebruik en -verwerking (App-interacties)/Waarom worden deze gebruikersgegevens gedeeld? Selecteer alle antwoorden die van toepassing zijn./Berichten van de ontwikkelaar
PSL_DATA_USAGE_RESPONSES:PSL_USER_INTERACTION:DATA_USAGE_SHARING_PURPOSE,PSL_FRAUD_PREVENTION_SECURITY,,MULTIPLE_CHOICE,"Gegevensgebruik en -verwerking (App-interacties)/Waarom worden deze gebruikersgegevens gedeeld? Selecteer alle antwoorden die van toepassing zijn./Fraudepreventie, beveiliging en naleving"
PSL_DATA_USAGE_RESPONSES:PSL_USER_INTERACTION:DATA_USAGE_SHARING_PURPOSE,PSL_ADVERTISING,,MULTIPLE_CHOICE,Gegevensgebruik en -verwerking (App-interacties)/Waarom worden deze gebruikersgegevens gedeeld? Selecteer alle antwoorden die van toepassing zijn./Advertenties of marketing
PSL_DATA_USAGE_RESPONSES:PSL_USER_INTERACTION:DATA_USAGE_SHARING_PURPOSE,PSL_PERSONALIZATION,,MULTIPLE_CHOICE,Gegevensgebruik en -verwerking (App-interacties)/Waarom worden deze gebruikersgegevens gedeeld? Selecteer alle antwoorden die van toepassing zijn./Personalisatie
PSL_DATA_USAGE_RESPONSES:PSL_USER_INTERACTION:DATA_USAGE_SHARING_PURPOSE,PSL_ACCOUNT_MANAGEMENT,,MULTIPLE_CHOICE,Gegevensgebruik en -verwerking (App-interacties)/Waarom worden deze gebruikersgegevens gedeeld? Selecteer alle antwoorden die van toepassing zijn./Accountbeheer
PSL_DATA_USAGE_RESPONSES:PSL_IN_APP_SEARCH_HISTORY:PSL_DATA_USAGE_COLLECTION_AND_SHARING,PSL_DATA_USAGE_ONLY_COLLECTED,,MULTIPLE_CHOICE,"Gegevensgebruik en -verwerking (In-app zoekgeschiedenis)/Worden deze gegevens verzameld, gedeeld of allebei?/Verzameld"
PSL_DATA_USAGE_RESPONSES:PSL_IN_APP_SEARCH_HISTORY:PSL_DATA_USAGE_COLLECTION_AND_SHARING,PSL_DATA_USAGE_ONLY_SHARED,,MULTIPLE_CHOICE,"Gegevensgebruik en -verwerking (In-app zoekgeschiedenis)/Worden deze gegevens verzameld, gedeeld of allebei?/Gedeeld"
PSL_DATA_USAGE_RESPONSES:PSL_IN_APP_SEARCH_HISTORY:PSL_DATA_USAGE_EPHEMERAL,,,MAYBE_REQUIRED,Gegevensgebruik en -verwerking (In-app zoekgeschiedenis)/Worden deze gegevens kortstondig verwerkt?
PSL_DATA_USAGE_RESPONSES:PSL_IN_APP_SEARCH_HISTORY:DATA_USAGE_USER_CONTROL,PSL_DATA_USAGE_USER_CONTROL_OPTIONAL,,SINGLE_CHOICE,Gegevensgebruik en -verwerking (In-app zoekgeschiedenis)/Zijn deze gegevens vereist voor je app en kunnen gebruikers kiezen of deze worden verzameld?/Gebruikers kunnen kiezen of deze gegevens worden verzameld
PSL_DATA_USAGE_RESPONSES:PSL_IN_APP_SEARCH_HISTORY:DATA_USAGE_USER_CONTROL,PSL_DATA_USAGE_USER_CONTROL_REQUIRED,,SINGLE_CHOICE,Gegevensgebruik en -verwerking (In-app zoekgeschiedenis)/Zijn deze gegevens vereist voor je app en kunnen gebruikers kiezen of deze worden verzameld?/Gegevensverzameling is vereist (gebruikers kunnen deze gegevensverzameling niet uitzetten)
PSL_DATA_USAGE_RESPONSES:PSL_IN_APP_SEARCH_HISTORY:DATA_USAGE_COLLECTION_PURPOSE,PSL_APP_FUNCTIONALITY,,MULTIPLE_CHOICE,Gegevensgebruik en -verwerking (In-app zoekgeschiedenis)/Waarom worden deze gebruikersgegevens verzameld? Selecteer alle antwoorden die van toepassing zijn./App-functionaliteit
PSL_DATA_USAGE_RESPONSES:PSL_IN_APP_SEARCH_HISTORY:DATA_USAGE_COLLECTION_PURPOSE,PSL_ANALYTICS,,MULTIPLE_CHOICE,Gegevensgebruik en -verwerking (In-app zoekgeschiedenis)/Waarom worden deze gebruikersgegevens verzameld? Selecteer alle antwoorden die van toepassing zijn./Analyse
PSL_DATA_USAGE_RESPONSES:PSL_IN_APP_SEARCH_HISTORY:DATA_USAGE_COLLECTION_PURPOSE,PSL_DEVELOPER_COMMUNICATIONS,,MULTIPLE_CHOICE,Gegevensgebruik en -verwerking (In-app zoekgeschiedenis)/Waarom worden deze gebruikersgegevens verzameld? Selecteer alle antwoorden die van toepassing zijn./Berichten van de ontwikkelaar
PSL_DATA_USAGE_RESPONSES:PSL_IN_APP_SEARCH_HISTORY:DATA_USAGE_COLLECTION_PURPOSE,PSL_FRAUD_PREVENTION_SECURITY,,MULTIPLE_CHOICE,"Gegevensgebruik en -verwerking (In-app zoekgeschiedenis)/Waarom worden deze gebruikersgegevens verzameld? Selecteer alle antwoorden die van toepassing zijn./Fraudepreventie, beveiliging en naleving"
PSL_DATA_USAGE_RESPONSES:PSL_IN_APP_SEARCH_HISTORY:DATA_USAGE_COLLECTION_PURPOSE,PSL_ADVERTISING,,MULTIPLE_CHOICE,Gegevensgebruik en -verwerking (In-app zoekgeschiedenis)/Waarom worden deze gebruikersgegevens verzameld? Selecteer alle antwoorden die van toepassing zijn./Advertenties of marketing
PSL_DATA_USAGE_RESPONSES:PSL_IN_APP_SEARCH_HISTORY:DATA_USAGE_COLLECTION_PURPOSE,PSL_PERSONALIZATION,,MULTIPLE_CHOICE,Gegevensgebruik en -verwerking (In-app zoekgeschiedenis)/Waarom worden deze gebruikersgegevens verzameld? Selecteer alle antwoorden die van toepassing zijn./Personalisatie
PSL_DATA_USAGE_RESPONSES:PSL_IN_APP_SEARCH_HISTORY:DATA_USAGE_COLLECTION_PURPOSE,PSL_ACCOUNT_MANAGEMENT,,MULTIPLE_CHOICE,Gegevensgebruik en -verwerking (In-app zoekgeschiedenis)/Waarom worden deze gebruikersgegevens verzameld? Selecteer alle antwoorden die van toepassing zijn./Accountbeheer
PSL_DATA_USAGE_RESPONSES:PSL_IN_APP_SEARCH_HISTORY:DATA_USAGE_SHARING_PURPOSE,PSL_APP_FUNCTIONALITY,,MULTIPLE_CHOICE,Gegevensgebruik en -verwerking (In-app zoekgeschiedenis)/Waarom worden deze gebruikersgegevens gedeeld? Selecteer alle antwoorden die van toepassing zijn./App-functionaliteit
PSL_DATA_USAGE_RESPONSES:PSL_IN_APP_SEARCH_HISTORY:DATA_USAGE_SHARING_PURPOSE,PSL_ANALYTICS,,MULTIPLE_CHOICE,Gegevensgebruik en -verwerking (In-app zoekgeschiedenis)/Waarom worden deze gebruikersgegevens gedeeld? Selecteer alle antwoorden die van toepassing zijn./Analyse
PSL_DATA_USAGE_RESPONSES:PSL_IN_APP_SEARCH_HISTORY:DATA_USAGE_SHARING_PURPOSE,PSL_DEVELOPER_COMMUNICATIONS,,MULTIPLE_CHOICE,Gegevensgebruik en -verwerking (In-app zoekgeschiedenis)/Waarom worden deze gebruikersgegevens gedeeld? Selecteer alle antwoorden die van toepassing zijn./Berichten van de ontwikkelaar
PSL_DATA_USAGE_RESPONSES:PSL_IN_APP_SEARCH_HISTORY:DATA_USAGE_SHARING_PURPOSE,PSL_FRAUD_PREVENTION_SECURITY,,MULTIPLE_CHOICE,"Gegevensgebruik en -verwerking (In-app zoekgeschiedenis)/Waarom worden deze gebruikersgegevens gedeeld? Selecteer alle antwoorden die van toepassing zijn./Fraudepreventie, beveiliging en naleving"
PSL_DATA_USAGE_RESPONSES:PSL_IN_APP_SEARCH_HISTORY:DATA_USAGE_SHARING_PURPOSE,PSL_ADVERTISING,,MULTIPLE_CHOICE,Gegevensgebruik en -verwerking (In-app zoekgeschiedenis)/Waarom worden deze gebruikersgegevens gedeeld? Selecteer alle antwoorden die van toepassing zijn./Advertenties of marketing
PSL_DATA_USAGE_RESPONSES:PSL_IN_APP_SEARCH_HISTORY:DATA_USAGE_SHARING_PURPOSE,PSL_PERSONALIZATION,,MULTIPLE_CHOICE,Gegevensgebruik en -verwerking (In-app zoekgeschiedenis)/Waarom worden deze gebruikersgegevens gedeeld? Selecteer alle antwoorden die van toepassing zijn./Personalisatie
PSL_DATA_USAGE_RESPONSES:PSL_IN_APP_SEARCH_HISTORY:DATA_USAGE_SHARING_PURPOSE,PSL_ACCOUNT_MANAGEMENT,,MULTIPLE_CHOICE,Gegevensgebruik en -verwerking (In-app zoekgeschiedenis)/Waarom worden deze gebruikersgegevens gedeeld? Selecteer alle antwoorden die van toepassing zijn./Accountbeheer
PSL_DATA_USAGE_RESPONSES:PSL_APPS_ON_DEVICE:PSL_DATA_USAGE_COLLECTION_AND_SHARING,PSL_DATA_USAGE_ONLY_COLLECTED,,MULTIPLE_CHOICE,"Gegevensgebruik en -verwerking (Geïnstalleerde apps)/Worden deze gegevens verzameld, gedeeld of allebei?/Verzameld"
PSL_DATA_USAGE_RESPONSES:PSL_APPS_ON_DEVICE:PSL_DATA_USAGE_COLLECTION_AND_SHARING,PSL_DATA_USAGE_ONLY_SHARED,,MULTIPLE_CHOICE,"Gegevensgebruik en -verwerking (Geïnstalleerde apps)/Worden deze gegevens verzameld, gedeeld of allebei?/Gedeeld"
PSL_DATA_USAGE_RESPONSES:PSL_APPS_ON_DEVICE:PSL_DATA_USAGE_EPHEMERAL,,,MAYBE_REQUIRED,Gegevensgebruik en -verwerking (Geïnstalleerde apps)/Worden deze gegevens kortstondig verwerkt?
PSL_DATA_USAGE_RESPONSES:PSL_APPS_ON_DEVICE:DATA_USAGE_USER_CONTROL,PSL_DATA_USAGE_USER_CONTROL_OPTIONAL,,SINGLE_CHOICE,Gegevensgebruik en -verwerking (Geïnstalleerde apps)/Zijn deze gegevens vereist voor je app en kunnen gebruikers kiezen of deze worden verzameld?/Gebruikers kunnen kiezen of deze gegevens worden verzameld
PSL_DATA_USAGE_RESPONSES:PSL_APPS_ON_DEVICE:DATA_USAGE_USER_CONTROL,PSL_DATA_USAGE_USER_CONTROL_REQUIRED,,SINGLE_CHOICE,Gegevensgebruik en -verwerking (Geïnstalleerde apps)/Zijn deze gegevens vereist voor je app en kunnen gebruikers kiezen of deze worden verzameld?/Gegevensverzameling is vereist (gebruikers kunnen deze gegevensverzameling niet uitzetten)
PSL_DATA_USAGE_RESPONSES:PSL_APPS_ON_DEVICE:DATA_USAGE_COLLECTION_PURPOSE,PSL_APP_FUNCTIONALITY,,MULTIPLE_CHOICE,Gegevensgebruik en -verwerking (Geïnstalleerde apps)/Waarom worden deze gebruikersgegevens verzameld? Selecteer alle antwoorden die van toepassing zijn./App-functionaliteit
PSL_DATA_USAGE_RESPONSES:PSL_APPS_ON_DEVICE:DATA_USAGE_COLLECTION_PURPOSE,PSL_ANALYTICS,,MULTIPLE_CHOICE,Gegevensgebruik en -verwerking (Geïnstalleerde apps)/Waarom worden deze gebruikersgegevens verzameld? Selecteer alle antwoorden die van toepassing zijn./Analyse
PSL_DATA_USAGE_RESPONSES:PSL_APPS_ON_DEVICE:DATA_USAGE_COLLECTION_PURPOSE,PSL_DEVELOPER_COMMUNICATIONS,,MULTIPLE_CHOICE,Gegevensgebruik en -verwerking (Geïnstalleerde apps)/Waarom worden deze gebruikersgegevens verzameld? Selecteer alle antwoorden die van toepassing zijn./Berichten van de ontwikkelaar
PSL_DATA_USAGE_RESPONSES:PSL_APPS_ON_DEVICE:DATA_USAGE_COLLECTION_PURPOSE,PSL_FRAUD_PREVENTION_SECURITY,,MULTIPLE_CHOICE,"Gegevensgebruik en -verwerking (Geïnstalleerde apps)/Waarom worden deze gebruikersgegevens verzameld? Selecteer alle antwoorden die van toepassing zijn./Fraudepreventie, beveiliging en naleving"
PSL_DATA_USAGE_RESPONSES:PSL_APPS_ON_DEVICE:DATA_USAGE_COLLECTION_PURPOSE,PSL_ADVERTISING,,MULTIPLE_CHOICE,Gegevensgebruik en -verwerking (Geïnstalleerde apps)/Waarom worden deze gebruikersgegevens verzameld? Selecteer alle antwoorden die van toepassing zijn./Advertenties of marketing
PSL_DATA_USAGE_RESPONSES:PSL_APPS_ON_DEVICE:DATA_USAGE_COLLECTION_PURPOSE,PSL_PERSONALIZATION,,MULTIPLE_CHOICE,Gegevensgebruik en -verwerking (Geïnstalleerde apps)/Waarom worden deze gebruikersgegevens verzameld? Selecteer alle antwoorden die van toepassing zijn./Personalisatie
PSL_DATA_USAGE_RESPONSES:PSL_APPS_ON_DEVICE:DATA_USAGE_COLLECTION_PURPOSE,PSL_ACCOUNT_MANAGEMENT,,MULTIPLE_CHOICE,Gegevensgebruik en -verwerking (Geïnstalleerde apps)/Waarom worden deze gebruikersgegevens verzameld? Selecteer alle antwoorden die van toepassing zijn./Accountbeheer
PSL_DATA_USAGE_RESPONSES:PSL_APPS_ON_DEVICE:DATA_USAGE_SHARING_PURPOSE,PSL_APP_FUNCTIONALITY,,MULTIPLE_CHOICE,Gegevensgebruik en -verwerking (Geïnstalleerde apps)/Waarom worden deze gebruikersgegevens gedeeld? Selecteer alle antwoorden die van toepassing zijn./App-functionaliteit
PSL_DATA_USAGE_RESPONSES:PSL_APPS_ON_DEVICE:DATA_USAGE_SHARING_PURPOSE,PSL_ANALYTICS,,MULTIPLE_CHOICE,Gegevensgebruik en -verwerking (Geïnstalleerde apps)/Waarom worden deze gebruikersgegevens gedeeld? Selecteer alle antwoorden die van toepassing zijn./Analyse
PSL_DATA_USAGE_RESPONSES:PSL_APPS_ON_DEVICE:DATA_USAGE_SHARING_PURPOSE,PSL_DEVELOPER_COMMUNICATIONS,,MULTIPLE_CHOICE,Gegevensgebruik en -verwerking (Geïnstalleerde apps)/Waarom worden deze gebruikersgegevens gedeeld? Selecteer alle antwoorden die van toepassing zijn./Berichten van de ontwikkelaar
PSL_DATA_USAGE_RESPONSES:PSL_APPS_ON_DEVICE:DATA_USAGE_SHARING_PURPOSE,PSL_FRAUD_PREVENTION_SECURITY,,MULTIPLE_CHOICE,"Gegevensgebruik en -verwerking (Geïnstalleerde apps)/Waarom worden deze gebruikersgegevens gedeeld? Selecteer alle antwoorden die van toepassing zijn./Fraudepreventie, beveiliging en naleving"
PSL_DATA_USAGE_RESPONSES:PSL_APPS_ON_DEVICE:DATA_USAGE_SHARING_PURPOSE,PSL_ADVERTISING,,MULTIPLE_CHOICE,Gegevensgebruik en -verwerking (Geïnstalleerde apps)/Waarom worden deze gebruikersgegevens gedeeld? Selecteer alle antwoorden die van toepassing zijn./Advertenties of marketing
PSL_DATA_USAGE_RESPONSES:PSL_APPS_ON_DEVICE:DATA_USAGE_SHARING_PURPOSE,PSL_PERSONALIZATION,,MULTIPLE_CHOICE,Gegevensgebruik en -verwerking (Geïnstalleerde apps)/Waarom worden deze gebruikersgegevens gedeeld? Selecteer alle antwoorden die van toepassing zijn./Personalisatie
PSL_DATA_USAGE_RESPONSES:PSL_APPS_ON_DEVICE:DATA_USAGE_SHARING_PURPOSE,PSL_ACCOUNT_MANAGEMENT,,MULTIPLE_CHOICE,Gegevensgebruik en -verwerking (Geïnstalleerde apps)/Waarom worden deze gebruikersgegevens gedeeld? Selecteer alle antwoorden die van toepassing zijn./Accountbeheer
PSL_DATA_USAGE_RESPONSES:PSL_USER_GENERATED_CONTENT:PSL_DATA_USAGE_COLLECTION_AND_SHARING,PSL_DATA_USAGE_ONLY_COLLECTED,,MULTIPLE_CHOICE,"Gegevensgebruik en -verwerking (Andere content van websitegebruikers)/Worden deze gegevens verzameld, gedeeld of allebei?/Verzameld"
PSL_DATA_USAGE_RESPONSES:PSL_USER_GENERATED_CONTENT:PSL_DATA_USAGE_COLLECTION_AND_SHARING,PSL_DATA_USAGE_ONLY_SHARED,,MULTIPLE_CHOICE,"Gegevensgebruik en -verwerking (Andere content van websitegebruikers)/Worden deze gegevens verzameld, gedeeld of allebei?/Gedeeld"
PSL_DATA_USAGE_RESPONSES:PSL_USER_GENERATED_CONTENT:PSL_DATA_USAGE_EPHEMERAL,,,MAYBE_REQUIRED,Gegevensgebruik en -verwerking (Andere content van websitegebruikers)/Worden deze gegevens kortstondig verwerkt?
PSL_DATA_USAGE_RESPONSES:PSL_USER_GENERATED_CONTENT:DATA_USAGE_USER_CONTROL,PSL_DATA_USAGE_USER_CONTROL_OPTIONAL,,SINGLE_CHOICE,Gegevensgebruik en -verwerking (Andere content van websitegebruikers)/Zijn deze gegevens vereist voor je app en kunnen gebruikers kiezen of deze worden verzameld?/Gebruikers kunnen kiezen of deze gegevens worden verzameld
PSL_DATA_USAGE_RESPONSES:PSL_USER_GENERATED_CONTENT:DATA_USAGE_USER_CONTROL,PSL_DATA_USAGE_USER_CONTROL_REQUIRED,,SINGLE_CHOICE,Gegevensgebruik en -verwerking (Andere content van websitegebruikers)/Zijn deze gegevens vereist voor je app en kunnen gebruikers kiezen of deze worden verzameld?/Gegevensverzameling is vereist (gebruikers kunnen deze gegevensverzameling niet uitzetten)
PSL_DATA_USAGE_RESPONSES:PSL_USER_GENERATED_CONTENT:DATA_USAGE_COLLECTION_PURPOSE,PSL_APP_FUNCTIONALITY,,MULTIPLE_CHOICE,Gegevensgebruik en -verwerking (Andere content van websitegebruikers)/Waarom worden deze gebruikersgegevens verzameld? Selecteer alle antwoorden die van toepassing zijn./App-functionaliteit
PSL_DATA_USAGE_RESPONSES:PSL_USER_GENERATED_CONTENT:DATA_USAGE_COLLECTION_PURPOSE,PSL_ANALYTICS,,MULTIPLE_CHOICE,Gegevensgebruik en -verwerking (Andere content van websitegebruikers)/Waarom worden deze gebruikersgegevens verzameld? Selecteer alle antwoorden die van toepassing zijn./Analyse
PSL_DATA_USAGE_RESPONSES:PSL_USER_GENERATED_CONTENT:DATA_USAGE_COLLECTION_PURPOSE,PSL_DEVELOPER_COMMUNICATIONS,,MULTIPLE_CHOICE,Gegevensgebruik en -verwerking (Andere content van websitegebruikers)/Waarom worden deze gebruikersgegevens verzameld? Selecteer alle antwoorden die van toepassing zijn./Berichten van de ontwikkelaar
PSL_DATA_USAGE_RESPONSES:PSL_USER_GENERATED_CONTENT:DATA_USAGE_COLLECTION_PURPOSE,PSL_FRAUD_PREVENTION_SECURITY,,MULTIPLE_CHOICE,"Gegevensgebruik en -verwerking (Andere content van websitegebruikers)/Waarom worden deze gebruikersgegevens verzameld? Selecteer alle antwoorden die van toepassing zijn./Fraudepreventie, beveiliging en naleving"
PSL_DATA_USAGE_RESPONSES:PSL_USER_GENERATED_CONTENT:DATA_USAGE_COLLECTION_PURPOSE,PSL_ADVERTISING,,MULTIPLE_CHOICE,Gegevensgebruik en -verwerking (Andere content van websitegebruikers)/Waarom worden deze gebruikersgegevens verzameld? Selecteer alle antwoorden die van toepassing zijn./Advertenties of marketing
PSL_DATA_USAGE_RESPONSES:PSL_USER_GENERATED_CONTENT:DATA_USAGE_COLLECTION_PURPOSE,PSL_PERSONALIZATION,,MULTIPLE_CHOICE,Gegevensgebruik en -verwerking (Andere content van websitegebruikers)/Waarom worden deze gebruikersgegevens verzameld? Selecteer alle antwoorden die van toepassing zijn./Personalisatie
PSL_DATA_USAGE_RESPONSES:PSL_USER_GENERATED_CONTENT:DATA_USAGE_COLLECTION_PURPOSE,PSL_ACCOUNT_MANAGEMENT,,MULTIPLE_CHOICE,Gegevensgebruik en -verwerking (Andere content van websitegebruikers)/Waarom worden deze gebruikersgegevens verzameld? Selecteer alle antwoorden die van toepassing zijn./Accountbeheer
PSL_DATA_USAGE_RESPONSES:PSL_USER_GENERATED_CONTENT:DATA_USAGE_SHARING_PURPOSE,PSL_APP_FUNCTIONALITY,,MULTIPLE_CHOICE,Gegevensgebruik en -verwerking (Andere content van websitegebruikers)/Waarom worden deze gebruikersgegevens gedeeld? Selecteer alle antwoorden die van toepassing zijn./App-functionaliteit
PSL_DATA_USAGE_RESPONSES:PSL_USER_GENERATED_CONTENT:DATA_USAGE_SHARING_PURPOSE,PSL_ANALYTICS,,MULTIPLE_CHOICE,Gegevensgebruik en -verwerking (Andere content van websitegebruikers)/Waarom worden deze gebruikersgegevens gedeeld? Selecteer alle antwoorden die van toepassing zijn./Analyse
PSL_DATA_USAGE_RESPONSES:PSL_USER_GENERATED_CONTENT:DATA_USAGE_SHARING_PURPOSE,PSL_DEVELOPER_COMMUNICATIONS,,MULTIPLE_CHOICE,Gegevensgebruik en -verwerking (Andere content van websitegebruikers)/Waarom worden deze gebruikersgegevens gedeeld? Selecteer alle antwoorden die van toepassing zijn./Berichten van de ontwikkelaar
PSL_DATA_USAGE_RESPONSES:PSL_USER_GENERATED_CONTENT:DATA_USAGE_SHARING_PURPOSE,PSL_FRAUD_PREVENTION_SECURITY,,MULTIPLE_CHOICE,"Gegevensgebruik en -verwerking (Andere content van websitegebruikers)/Waarom worden deze gebruikersgegevens gedeeld? Selecteer alle antwoorden die van toepassing zijn./Fraudepreventie, beveiliging en naleving"
PSL_DATA_USAGE_RESPONSES:PSL_USER_GENERATED_CONTENT:DATA_USAGE_SHARING_PURPOSE,PSL_ADVERTISING,,MULTIPLE_CHOICE,Gegevensgebruik en -verwerking (Andere content van websitegebruikers)/Waarom worden deze gebruikersgegevens gedeeld? Selecteer alle antwoorden die van toepassing zijn./Advertenties of marketing
PSL_DATA_USAGE_RESPONSES:PSL_USER_GENERATED_CONTENT:DATA_USAGE_SHARING_PURPOSE,PSL_PERSONALIZATION,,MULTIPLE_CHOICE,Gegevensgebruik en -verwerking (Andere content van websitegebruikers)/Waarom worden deze gebruikersgegevens gedeeld? Selecteer alle antwoorden die van toepassing zijn./Personalisatie
PSL_DATA_USAGE_RESPONSES:PSL_USER_GENERATED_CONTENT:DATA_USAGE_SHARING_PURPOSE,PSL_ACCOUNT_MANAGEMENT,,MULTIPLE_CHOICE,Gegevensgebruik en -verwerking (Andere content van websitegebruikers)/Waarom worden deze gebruikersgegevens gedeeld? Selecteer alle antwoorden die van toepassing zijn./Accountbeheer
PSL_DATA_USAGE_RESPONSES:PSL_OTHER_APP_ACTIVITY:PSL_DATA_USAGE_COLLECTION_AND_SHARING,PSL_DATA_USAGE_ONLY_COLLECTED,,MULTIPLE_CHOICE,"Gegevensgebruik en -verwerking (Andere acties)/Worden deze gegevens verzameld, gedeeld of allebei?/Verzameld"
PSL_DATA_USAGE_RESPONSES:PSL_OTHER_APP_ACTIVITY:PSL_DATA_USAGE_COLLECTION_AND_SHARING,PSL_DATA_USAGE_ONLY_SHARED,,MULTIPLE_CHOICE,"Gegevensgebruik en -verwerking (Andere acties)/Worden deze gegevens verzameld, gedeeld of allebei?/Gedeeld"
PSL_DATA_USAGE_RESPONSES:PSL_OTHER_APP_ACTIVITY:PSL_DATA_USAGE_EPHEMERAL,,,MAYBE_REQUIRED,Gegevensgebruik en -verwerking (Andere acties)/Worden deze gegevens kortstondig verwerkt?
PSL_DATA_USAGE_RESPONSES:PSL_OTHER_APP_ACTIVITY:DATA_USAGE_USER_CONTROL,PSL_DATA_USAGE_USER_CONTROL_OPTIONAL,,SINGLE_CHOICE,Gegevensgebruik en -verwerking (Andere acties)/Zijn deze gegevens vereist voor je app en kunnen gebruikers kiezen of deze worden verzameld?/Gebruikers kunnen kiezen of deze gegevens worden verzameld
PSL_DATA_USAGE_RESPONSES:PSL_OTHER_APP_ACTIVITY:DATA_USAGE_USER_CONTROL,PSL_DATA_USAGE_USER_CONTROL_REQUIRED,,SINGLE_CHOICE,Gegevensgebruik en -verwerking (Andere acties)/Zijn deze gegevens vereist voor je app en kunnen gebruikers kiezen of deze worden verzameld?/Gegevensverzameling is vereist (gebruikers kunnen deze gegevensverzameling niet uitzetten)
PSL_DATA_USAGE_RESPONSES:PSL_OTHER_APP_ACTIVITY:DATA_USAGE_COLLECTION_PURPOSE,PSL_APP_FUNCTIONALITY,,MULTIPLE_CHOICE,Gegevensgebruik en -verwerking (Andere acties)/Waarom worden deze gebruikersgegevens verzameld? Selecteer alle antwoorden die van toepassing zijn./App-functionaliteit
PSL_DATA_USAGE_RESPONSES:PSL_OTHER_APP_ACTIVITY:DATA_USAGE_COLLECTION_PURPOSE,PSL_ANALYTICS,,MULTIPLE_CHOICE,Gegevensgebruik en -verwerking (Andere acties)/Waarom worden deze gebruikersgegevens verzameld? Selecteer alle antwoorden die van toepassing zijn./Analyse
PSL_DATA_USAGE_RESPONSES:PSL_OTHER_APP_ACTIVITY:DATA_USAGE_COLLECTION_PURPOSE,PSL_DEVELOPER_COMMUNICATIONS,,MULTIPLE_CHOICE,Gegevensgebruik en -verwerking (Andere acties)/Waarom worden deze gebruikersgegevens verzameld? Selecteer alle antwoorden die van toepassing zijn./Berichten van de ontwikkelaar
PSL_DATA_USAGE_RESPONSES:PSL_OTHER_APP_ACTIVITY:DATA_USAGE_COLLECTION_PURPOSE,PSL_FRAUD_PREVENTION_SECURITY,,MULTIPLE_CHOICE,"Gegevensgebruik en -verwerking (Andere acties)/Waarom worden deze gebruikersgegevens verzameld? Selecteer alle antwoorden die van toepassing zijn./Fraudepreventie, beveiliging en naleving"
PSL_DATA_USAGE_RESPONSES:PSL_OTHER_APP_ACTIVITY:DATA_USAGE_COLLECTION_PURPOSE,PSL_ADVERTISING,,MULTIPLE_CHOICE,Gegevensgebruik en -verwerking (Andere acties)/Waarom worden deze gebruikersgegevens verzameld? Selecteer alle antwoorden die van toepassing zijn./Advertenties of marketing
PSL_DATA_USAGE_RESPONSES:PSL_OTHER_APP_ACTIVITY:DATA_USAGE_COLLECTION_PURPOSE,PSL_PERSONALIZATION,,MULTIPLE_CHOICE,Gegevensgebruik en -verwerking (Andere acties)/Waarom worden deze gebruikersgegevens verzameld? Selecteer alle antwoorden die van toepassing zijn./Personalisatie
PSL_DATA_USAGE_RESPONSES:PSL_OTHER_APP_ACTIVITY:DATA_USAGE_COLLECTION_PURPOSE,PSL_ACCOUNT_MANAGEMENT,,MULTIPLE_CHOICE,Gegevensgebruik en -verwerking (Andere acties)/Waarom worden deze gebruikersgegevens verzameld? Selecteer alle antwoorden die van toepassing zijn./Accountbeheer
PSL_DATA_USAGE_RESPONSES:PSL_OTHER_APP_ACTIVITY:DATA_USAGE_SHARING_PURPOSE,PSL_APP_FUNCTIONALITY,,MULTIPLE_CHOICE,Gegevensgebruik en -verwerking (Andere acties)/Waarom worden deze gebruikersgegevens gedeeld? Selecteer alle antwoorden die van toepassing zijn./App-functionaliteit
PSL_DATA_USAGE_RESPONSES:PSL_OTHER_APP_ACTIVITY:DATA_USAGE_SHARING_PURPOSE,PSL_ANALYTICS,,MULTIPLE_CHOICE,Gegevensgebruik en -verwerking (Andere acties)/Waarom worden deze gebruikersgegevens gedeeld? Selecteer alle antwoorden die van toepassing zijn./Analyse
PSL_DATA_USAGE_RESPONSES:PSL_OTHER_APP_ACTIVITY:DATA_USAGE_SHARING_PURPOSE,PSL_DEVELOPER_COMMUNICATIONS,,MULTIPLE_CHOICE,Gegevensgebruik en -verwerking (Andere acties)/Waarom worden deze gebruikersgegevens gedeeld? Selecteer alle antwoorden die van toepassing zijn./Berichten van de ontwikkelaar
PSL_DATA_USAGE_RESPONSES:PSL_OTHER_APP_ACTIVITY:DATA_USAGE_SHARING_PURPOSE,PSL_FRAUD_PREVENTION_SECURITY,,MULTIPLE_CHOICE,"Gegevensgebruik en -verwerking (Andere acties)/Waarom worden deze gebruikersgegevens gedeeld? Selecteer alle antwoorden die van toepassing zijn./Fraudepreventie, beveiliging en naleving"
PSL_DATA_USAGE_RESPONSES:PSL_OTHER_APP_ACTIVITY:DATA_USAGE_SHARING_PURPOSE,PSL_ADVERTISING,,MULTIPLE_CHOICE,Gegevensgebruik en -verwerking (Andere acties)/Waarom worden deze gebruikersgegevens gedeeld? Selecteer alle antwoorden die van toepassing zijn./Advertenties of marketing
PSL_DATA_USAGE_RESPONSES:PSL_OTHER_APP_ACTIVITY:DATA_USAGE_SHARING_PURPOSE,PSL_PERSONALIZATION,,MULTIPLE_CHOICE,Gegevensgebruik en -verwerking (Andere acties)/Waarom worden deze gebruikersgegevens gedeeld? Selecteer alle antwoorden die van toepassing zijn./Personalisatie
PSL_DATA_USAGE_RESPONSES:PSL_OTHER_APP_ACTIVITY:DATA_USAGE_SHARING_PURPOSE,PSL_ACCOUNT_MANAGEMENT,,MULTIPLE_CHOICE,Gegevensgebruik en -verwerking (Andere acties)/Waarom worden deze gebruikersgegevens gedeeld? Selecteer alle antwoorden die van toepassing zijn./Accountbeheer
PSL_DATA_USAGE_RESPONSES:PSL_DEVICE_ID:PSL_DATA_USAGE_COLLECTION_AND_SHARING,PSL_DATA_USAGE_ONLY_COLLECTED,,MULTIPLE_CHOICE,"Gegevensgebruik en -verwerking (Apparaat- of andere ID's)/Worden deze gegevens verzameld, gedeeld of allebei?/Verzameld"
PSL_DATA_USAGE_RESPONSES:PSL_DEVICE_ID:PSL_DATA_USAGE_COLLECTION_AND_SHARING,PSL_DATA_USAGE_ONLY_SHARED,,MULTIPLE_CHOICE,"Gegevensgebruik en -verwerking (Apparaat- of andere ID's)/Worden deze gegevens verzameld, gedeeld of allebei?/Gedeeld"
PSL_DATA_USAGE_RESPONSES:PSL_DEVICE_ID:PSL_DATA_USAGE_EPHEMERAL,,,MAYBE_REQUIRED,Gegevensgebruik en -verwerking (Apparaat- of andere ID's)/Worden deze gegevens kortstondig verwerkt?
PSL_DATA_USAGE_RESPONSES:PSL_DEVICE_ID:DATA_USAGE_USER_CONTROL,PSL_DATA_USAGE_USER_CONTROL_OPTIONAL,,SINGLE_CHOICE,Gegevensgebruik en -verwerking (Apparaat- of andere ID's)/Zijn deze gegevens vereist voor je app en kunnen gebruikers kiezen of deze worden verzameld?/Gebruikers kunnen kiezen of deze gegevens worden verzameld
PSL_DATA_USAGE_RESPONSES:PSL_DEVICE_ID:DATA_USAGE_USER_CONTROL,PSL_DATA_USAGE_USER_CONTROL_REQUIRED,,SINGLE_CHOICE,Gegevensgebruik en -verwerking (Apparaat- of andere ID's)/Zijn deze gegevens vereist voor je app en kunnen gebruikers kiezen of deze worden verzameld?/Gegevensverzameling is vereist (gebruikers kunnen deze gegevensverzameling niet uitzetten)
PSL_DATA_USAGE_RESPONSES:PSL_DEVICE_ID:DATA_USAGE_COLLECTION_PURPOSE,PSL_APP_FUNCTIONALITY,,MULTIPLE_CHOICE,Gegevensgebruik en -verwerking (Apparaat- of andere ID's)/Waarom worden deze gebruikersgegevens verzameld? Selecteer alle antwoorden die van toepassing zijn./App-functionaliteit
PSL_DATA_USAGE_RESPONSES:PSL_DEVICE_ID:DATA_USAGE_COLLECTION_PURPOSE,PSL_ANALYTICS,,MULTIPLE_CHOICE,Gegevensgebruik en -verwerking (Apparaat- of andere ID's)/Waarom worden deze gebruikersgegevens verzameld? Selecteer alle antwoorden die van toepassing zijn./Analyse
PSL_DATA_USAGE_RESPONSES:PSL_DEVICE_ID:DATA_USAGE_COLLECTION_PURPOSE,PSL_DEVELOPER_COMMUNICATIONS,,MULTIPLE_CHOICE,Gegevensgebruik en -verwerking (Apparaat- of andere ID's)/Waarom worden deze gebruikersgegevens verzameld? Selecteer alle antwoorden die van toepassing zijn./Berichten van de ontwikkelaar
PSL_DATA_USAGE_RESPONSES:PSL_DEVICE_ID:DATA_USAGE_COLLECTION_PURPOSE,PSL_FRAUD_PREVENTION_SECURITY,,MULTIPLE_CHOICE,"Gegevensgebruik en -verwerking (Apparaat- of andere ID's)/Waarom worden deze gebruikersgegevens verzameld? Selecteer alle antwoorden die van toepassing zijn./Fraudepreventie, beveiliging en naleving"
PSL_DATA_USAGE_RESPONSES:PSL_DEVICE_ID:DATA_USAGE_COLLECTION_PURPOSE,PSL_ADVERTISING,,MULTIPLE_CHOICE,Gegevensgebruik en -verwerking (Apparaat- of andere ID's)/Waarom worden deze gebruikersgegevens verzameld? Selecteer alle antwoorden die van toepassing zijn./Advertenties of marketing
PSL_DATA_USAGE_RESPONSES:PSL_DEVICE_ID:DATA_USAGE_COLLECTION_PURPOSE,PSL_PERSONALIZATION,,MULTIPLE_CHOICE,Gegevensgebruik en -verwerking (Apparaat- of andere ID's)/Waarom worden deze gebruikersgegevens verzameld? Selecteer alle antwoorden die van toepassing zijn./Personalisatie
PSL_DATA_USAGE_RESPONSES:PSL_DEVICE_ID:DATA_USAGE_COLLECTION_PURPOSE,PSL_ACCOUNT_MANAGEMENT,,MULTIPLE_CHOICE,Gegevensgebruik en -verwerking (Apparaat- of andere ID's)/Waarom worden deze gebruikersgegevens verzameld? Selecteer alle antwoorden die van toepassing zijn./Accountbeheer
PSL_DATA_USAGE_RESPONSES:PSL_DEVICE_ID:DATA_USAGE_SHARING_PURPOSE,PSL_APP_FUNCTIONALITY,,MULTIPLE_CHOICE,Gegevensgebruik en -verwerking (Apparaat- of andere ID's)/Waarom worden deze gebruikersgegevens gedeeld? Selecteer alle antwoorden die van toepassing zijn./App-functionaliteit
PSL_DATA_USAGE_RESPONSES:PSL_DEVICE_ID:DATA_USAGE_SHARING_PURPOSE,PSL_ANALYTICS,,MULTIPLE_CHOICE,Gegevensgebruik en -verwerking (Apparaat- of andere ID's)/Waarom worden deze gebruikersgegevens gedeeld? Selecteer alle antwoorden die van toepassing zijn./Analyse
PSL_DATA_USAGE_RESPONSES:PSL_DEVICE_ID:DATA_USAGE_SHARING_PURPOSE,PSL_DEVELOPER_COMMUNICATIONS,,MULTIPLE_CHOICE,Gegevensgebruik en -verwerking (Apparaat- of andere ID's)/Waarom worden deze gebruikersgegevens gedeeld? Selecteer alle antwoorden die van toepassing zijn./Berichten van de ontwikkelaar
PSL_DATA_USAGE_RESPONSES:PSL_DEVICE_ID:DATA_USAGE_SHARING_PURPOSE,PSL_FRAUD_PREVENTION_SECURITY,,MULTIPLE_CHOICE,"Gegevensgebruik en -verwerking (Apparaat- of andere ID's)/Waarom worden deze gebruikersgegevens gedeeld? Selecteer alle antwoorden die van toepassing zijn./Fraudepreventie, beveiliging en naleving"
PSL_DATA_USAGE_RESPONSES:PSL_DEVICE_ID:DATA_USAGE_SHARING_PURPOSE,PSL_ADVERTISING,,MULTIPLE_CHOICE,Gegevensgebruik en -verwerking (Apparaat- of andere ID's)/Waarom worden deze gebruikersgegevens gedeeld? Selecteer alle antwoorden die van toepassing zijn./Advertenties of marketing
PSL_DATA_USAGE_RESPONSES:PSL_DEVICE_ID:DATA_USAGE_SHARING_PURPOSE,PSL_PERSONALIZATION,,MULTIPLE_CHOICE,Gegevensgebruik en -verwerking (Apparaat- of andere ID's)/Waarom worden deze gebruikersgegevens gedeeld? Selecteer alle antwoorden die van toepassing zijn./Personalisatie
PSL_DATA_USAGE_RESPONSES:PSL_DEVICE_ID:DATA_USAGE_SHARING_PURPOSE,PSL_ACCOUNT_MANAGEMENT,,MULTIPLE_CHOICE,Gegevensgebruik en -verwerking (Apparaat- of andere ID's)/Waarom worden deze gebruikersgegevens gedeeld? Selecteer alle antwoorden die van toepassing zijn./Accountbeheer
